45,39,5,1,3,12691,777,11914,1.335,1144
49,44,6,1,2,8256,864,7392,1.541,1291
51,36,4,1,0,3418,0,3418,2.594,1887
40,34,3,4,1,3313,2517,796,1.405,1171
40,21,5,1,0,4716,0,4716,2.175,816
44,36,3,1,2,4010,1247,2763,1.376,1088
51,46,6,1,3,34516,2264,32252,1.975,1330
32,27,2,2,2,29081,1396,27685,2.204,1538
37,36,5,2,0,22352,2517,19835,3.355,1350
48,36,6,3,3,11656,1677,9979,1.524,1441
42,31,5,3,2,6748,1467,5281,0.831,1201
65,54,6,2,3,9095,1587,7508,1.433,1314
56,36,3,6,0,11751,0,11751,3.397,1539
35,30,5,1,3,8547,1666,6881,1.163,1311
57,48,5,2,2,2436,680,1756,1.19,1570
44,37,5,1,2,4234,972,3262,1.707,1348
48,36,6,2,3,30367,2362,28005,1.708,1671
41,34,4,4,1,13535,1291,12244,0.653,1028
61,56,2,2,3,3193,2517,676,1.831,1336
45,37,6,1,2,14470,1157,13313,0.966,1207
47,42,5,2,0,20979,1800,19179,0.906,1178
62,49,2,3,3,1438.3,0,1438.3,1.047,692
41,33,4,2,1,4470,680,3790,1.608,931
47,36,3,3,2,2492,1560,932,0.573,1126
54,42,4,2,3,12217,0,12217,1.075,1110
41,28,6,1,2,7768,1669,6099,0.797,1051
59,46,4,1,2,14784,1374,13410,0.921,1197
63,56,3,3,2,10215,1010,9205,0.843,1904
44,34,5,2,2,10100,0,10100,0.525,1052
47,42,6,0,0,4785,1362,3423,0.739,1045
53,33,3,2,3,2753,1811,942,0.977,1038
53,48,2,5,1,2451,1690,761,1.323,1596
41,36,4,1,2,8923,2517,6406,1.726,1589
53,38,5,2,3,2650,1490,1160,1.75,1411
58,49,6,2,2,12555,1696,10859,0.519,1291
55,36,4,2,1,3520,1914,1606,0.51,1407
55,36,6,2,3,3035,2298,737,1.724,1877
42,36,2,3,3,15433,0,15433,0.865,966
57,49,3,3,2,3672,886,2786,1.32,1464
66,56,5,4,3,7882,605,7277,1.052,704
45,41,2,2,2,32426,578,31848,1.042,1109
51,44,4,1,0,6205,2204,4001,0.803,1347
50,43,3,2,3,17304,2517,14787,1.449,1756
49,37,5,2,1,3906,0,3906,1.214,1756
38,28,2,3,3,9830,2055,7775,0.977,1042
49,30,3,2,3,34516,0,34516,1.621,1444
56,45,6,2,0,2283,1430,853,2.316,1741
59,52,3,2,2,2548,2020,528,2.357,1719
46,40,4,3,3,19458,1435,18023,0.787,1217
52,40,5,1,1,4745,1227,3518,0.624,1140
52,41,6,3,2,2622,1549,1073,1.321,1878
54,40,2,3,1,1438.3,808,630.3,0.997,705
66,54,3,4,2,3171,2179,992,1.224,1946
49,36,4,2,0,19763,2517,17246,0.664,1414
56,36,1,3,3,15769,0,15769,1.041,602
49,36,6,4,2,3298,2200,1098,0.678,1052
49,36,2,2,0,2802,2363,439,0.75,1295
56,50,4,2,3,4458,1880,2578,1.107,1424
44,35,4,1,2,6273,978,5295,2.275,1359
42,34,4,4,3,3336,1753,1583,0.69,1168
55,47,4,2,3,3436,2016,1420,0.901,1097
48,35,2,4,4,34516,0,34516,0.763,691
39,33,5,3,3,5926,1251,4675,0.944,1316
44,32,2,4,2,23957,2102,21855,0.997,1276
53,44,4,2,2,14734,1634,13100,0.989,1289
51,38,4,1,4,34516,1515,33001,0.592,1293
57,52,5,3,3,6584,1817,4767,0.62,1353
44,20,6,3,3,2084,1468,616,1.004,1132
49,32,2,2,2,1687,1107,580,1.715,1670
50,38,6,2,2,25300,1330,23970,1.072,837
51,42,3,2,3,34516,1763,32753,1.266,1550
55,42,5,3,3,2216,1034,1182,0.758,1540
54,43,4,2,3,2910,2030,880,0.769,1256
42,37,6,2,2,22913,1528,21385,0.414,1394
44,35,3,3,3,24312,1932,22380,1.312,1341
53,36,5,3,2,5272,1515,3757,0.857,1289
44,36,6,4,2,7000,2517,4483,0.475,1112
37,29,4,4,2,7038,1801,5237,0.751,2339
49,30,6,1,2,2536,1823,713,0.703,1468
47,38,6,3,2,28904,1899,27005,0.85,1334
47,37,4,4,0,8567,1695,6872,1.242,1457
44,36,6,2,2,34516,1533,32983,0.924,1603
55,45,2,4,3,2158,0,2158,0.585,615
59,52,2,3,3,10133,1417,8716,0.383,1068
53,35,5,4,2,34516,1219,33297,1.129,1590
52,47,5,3,0,3085,1910,1175,0.921,1531
53,35,4,2,1,19040,2056,16984,0.607,1212
43,35,5,2,3,4026,0,4026,0.483,1237
44,31,4,3,1,12756,837,11919,1.932,1413
57,45,5,3,3,5266,0,5266,1.702,1516
51,36,3,2,2,9930,0,9930,0.731,1276
49,38,4,3,0,31302,1953,29349,0.875,1564
45,36,4,4,3,6576,0,6576,0.579,1465
53,42,5,4,1,2664,2037,627,0.85,1286
45,28,5,1,2,2535,2440,95,1.705,1312
64,52,6,4,3,1709,895,814,1.656,1673
45,35,5,4,2,3454,1200,2254,0.597,1313
53,35,5,3,2,3789,1706,2083,1.047,1609
56,50,3,2,0,9689,2250,7439,0.576,1158
47,37,2,3,3,5449,1628,3821,0.696,836
49,43,4,4,0,23032,1960,21072,0.619,1289
41,34,5,3,3,34516,2053,32463,1.034,1487
53,34,6,2,2,2940,1264,1676,0.562,1259
44,32,3,3,3,3031,1879,1152,0.788,1298
44,25,3,3,0,1862,0,1862,0.883,1226
43,33,2,3,3,8358,926,7432,0.762,1566
53,36,6,1,2,34516,931,33585,0.828,1022
44,36,5,2,3,14450,2440,12010,1.283,1235
62,56,6,0,0,1438.3,0,1438.3,0.813,1951
54,36,6,3,2,33791,1960,31831,0.618,1047
57,39,4,3,0,8466,1886,6580,0.56,1342
42,36,5,3,3,15088,865,14223,0.939,1107
42,36,5,1,2,3263,1674,1589,0.588,1251
54,36,2,2,2,1494,706,788,1.674,1305
48,35,6,1,0,13551,1294,12257,0.791,1388
49,36,6,2,2,18886,895,17991,1.826,1235
52,48,3,2,0,11976,1273,10703,1.024,2089
50,39,4,1,4,9964,1559,8405,1.873,1626
49,36,4,6,3,24159,1196,22963,0.712,1111
53,44,3,2,3,5362,1901,3461,0.816,1553
50,36,3,2,2,34516,1023,33493,1.004,1064
55,36,4,1,0,3174,1951,1223,0.766,1243
53,47,3,2,2,12262,1836,10426,1.584,1659
47,41,4,3,3,3788,1540,2248,0.566,1594
55,42,2,3,2,34516,1527,32989,0.526,1268
47,36,4,2,2,2926,0,2926,0.676,1304
58,52,6,1,0,32090,0,32090,0.567,1368
53,41,3,3,2,11669,2227,9442,0.622,720
52,45,3,1,2,13532,1300,12232,0.846,1521
50,36,4,2,2,11888,2090,9798,0.7,1137
42,36,5,1,2,2393,1985,408,0.788,978
43,39,5,1,2,6111,2517,3594,0.632,1221
57,46,3,2,3,19270,1662,17608,1.186,1565
52,43,3,1,4,3710,2517,1193,1.541,1578
47,37,2,1,3,3235,797,2438,0.541,1493
44,38,3,1,0,11749,788,10961,0.688,1178
53,36,5,3,2,7753,2100,5653,0.839,991
45,40,5,1,0,10408,1186,9222,1.689,2560
63,36,6,2,3,3967,1568,2399,1.236,1657
39,27,4,2,2,6205,2517,3688,0.939,1204
48,38,1,3,3,8025,0,8025,0.654,673
51,42,6,2,3,9036,2327,6709,0.649,1131
54,34,2,3,2,14926,2517,12409,1.996,1576
59,36,3,2,3,6335,1128,5207,0.397,1217
59,53,2,3,3,14979,0,14979,0.71,530
48,38,3,2,3,2732,0,2732,0.76,739
41,32,6,3,2,2250,2117,133,1.162,1617
55,50,3,2,0,10916,1536,9380,1.317,1592
47,36,4,1,3,5349,1228,4121,0.728,1343
41,24,4,1,3,9366,1104,8262,0.572,1303
40,28,5,1,0,21617,0,21617,1.047,1351
68,56,5,2,3,13860,1652,12208,1.255,1910
50,31,2,2,3,18386,0,18386,0.868,1298
47,41,6,2,2,2405,1540,865,0.469,1087
53,47,4,2,3,2154,930,1224,2.121,1439
42,36,3,3,3,2038,0,2038,0.786,1238
48,38,6,1,3,8135,0,8135,1.373,1716
49,38,6,1,3,9364,618,8746,0.554,1099
44,35,4,3,2,32643,0,32643,1.3,1058
43,34,2,3,1,3195,1954,1241,0.971,1285
56,43,5,2,1,2852,1024,1828,1.009,1651
59,36,2,3,3,4224,1305,2919,0.852,1152
46,36,3,2,2,20459,2071,18388,1.248,1767
47,41,6,5,3,3482,2114,1368,0.508,1039
50,40,5,2,3,3065,1570,1495,1.077,1130
51,43,3,1,2,2185,1761,424,0.682,1645
47,36,4,1,0,1611,746,865,0.993,1413
58,47,3,3,3,2822,2173,649,1.456,1218
46,33,6,3,3,32975,2517,30458,0.658,597
53,47,5,2,2,1438.3,0,1438.3,0.776,2184
45,36,4,3,3,15875,1719,14156,0.86,1592
52,45,6,3,3,6703,893,5810,0.567,1388
53,36,2,2,1,3212,0,3212,0.713,757
50,45,3,1,3,34516,1260,33256,0.588,1504
41,36,4,1,2,9797,1434,8363,0.644,1503
45,36,5,2,2,10400,1777,8623,0.791,1105
53,42,2,1,2,26792,1836,24956,1.432,2398
67,56,4,3,2,3006,2517,489,2.053,1661
57,36,6,3,0,19482,1072,18410,0.706,1421
59,36,4,2,3,3356,985,2371,0.35,999
45,34,3,2,1,5771,2248,3523,1.791,1387
51,36,6,2,3,11106,2107,8999,0.948,1243
59,54,5,3,0,2890,2001,889,1.334,1860
53,45,6,2,2,3380,1701,1679,0.747,1502
47,36,2,1,2,21331,1251,20080,0.949,1460
49,38,6,2,1,12860,0,12860,0.646,1348
49,33,3,1,0,6278,462,5816,1.161,1087
60,55,5,1,3,1438.3,738,700.3,0.782,1226
50,36,5,1,2,9355,1626,7729,0.701,1230
41,31,6,1,3,20758,0,20758,0.688,1555
57,47,5,3,1,14612,1976,12636,1.768,1827
43,27,5,2,0,27259,0,27259,0.731,1376
57,47,4,2,3,6347,1594,4753,0.896,1771
54,41,3,3,0,21592,1676,19916,1.097,1873
51,44,5,1,1,3449,1598,1851,0.971,1679
47,34,2,1,2,6028,799,5229,0.819,1002
41,36,3,2,3,18214,1998,16216,0.829,1344
53,43,3,3,1,16393,1423,14970,1.642,1461
68,52,1,3,2,1438.3,900,538.3,0.743,760
59,36,4,1,2,7871,1687,6184,1.242,1428
48,36,5,3,0,5288,866,4422,0.869,1777
44,32,4,5,3,11376,2006,9370,0.619,1302
48,41,4,5,3,12302,1632,10670,1.509,1483
47,33,3,2,1,34516,1679,32837,0.623,1060
47,32,4,2,2,34516,1468,33048,0.505,1330
43,35,3,2,2,10514,1580,8934,0.504,1229
55,43,2,4,3,1438.3,0,1438.3,0.707,886
59,46,3,3,3,1438.3,0,1438.3,0.688,844
63,56,2,1,2,2619,1779,840,1.259,1450
58,53,2,3,0,24407,2395,22012,1.071,2311
53,36,4,1,2,2377,1649,728,0.93,1378
59,40,3,2,3,34516,1359,33157,1.327,1033
52,47,5,3,3,11086,2207,8879,0.869,1523
48,36,4,2,2,11432,2517,8915,0.615,1374
43,36,5,3,2,13258,1721,11537,0.908,1080
48,36,3,2,3,2571,1955,616,0.531,1234
43,31,5,2,0,5781,1168,4613,0.638,1600
44,30,5,1,2,7872,2509,5363,0.971,1155
41,35,6,1,2,34516,1202,33314,0.603,1353
44,38,4,1,3,11127,1835,9292,2.368,1546
50,43,2,1,3,1857,1603,254,0.579,1590
60,36,5,1,0,1913,1272,641,1.008,1448
44,24,5,3,0,3839,2295,1544,0.569,1271
48,39,6,2,3,2115,1141,974,0.616,1223
44,27,5,2,2,1438.3,679,759.3,0.859,1117
41,28,4,3,0,27756,1789,25967,0.75,994
45,32,4,1,2,1438.3,0,1438.3,0.81,1468
47,34,6,4,2,13878,2222,11656,0.853,1658
51,36,3,1,3,3106,1304,1802,0.604,1368
51,44,4,3,3,34516,1666,32850,0.613,1218
60,50,4,4,3,1438.3,1025,413.3,0.838,702
57,46,2,3,0,18871,1740,17131,1.727,1516
41,29,5,2,2,5207,1748,3459,1.073,1310
44,36,6,2,2,17965,1644,16321,0.921,1767
43,37,6,3,3,2733,1819,914,0.767,933
55,48,4,3,2,8863,1301,7562,1.207,1512
52,36,2,3,3,1857,1833,24,0.723,829
44,33,3,3,3,34516,0,34516,0.483,1120
41,30,5,3,3,11107,1222,9885,0.538,1506
44,34,4,1,2,21573,1585,19988,0.621,1384
53,33,2,3,3,2859,2517,342,0.993,817
39,36,4,2,2,5269,1475,3794,1.148,2094
49,45,2,2,3,1438.3,0,1438.3,0.734,815
45,36,1,3,2,3387,0,3387,0.789,510
54,46,6,2,3,1982,1289,693,0.939,1377
49,43,2,2,2,4645,1650,2995,0.912,1193
46,36,6,3,2,2189,1666,523,0.343,1287
46,30,3,3,3,2442,0,2442,0.98,701
47,38,4,1,2,21304,1532,19772,1.018,1770
44,36,5,1,2,7577,2480,5097,0.435,1409
50,31,4,1,2,3234,1486,1748,0.868,1354
73,36,5,3,2,4469,1125,3344,1.363,1765
56,46,6,3,4,2910,709,2201,0.538,1192
59,48,2,4,3,3616,1054,2562,0.616,687
70,56,3,2,3,3252,1495,1757,0.581,1227
55,36,4,3,3,2358,1152,1206,0.969,1737
43,36,4,1,0,22322,953,21369,0.769,1348
45,39,4,2,2,3133,1510,1623,0.609,1435
45,35,2,3,0,3540,849,2691,0.456,1321
40,23,6,3,2,6990,1378,5612,0.73,1479
36,22,2,2,3,34516,1652,32864,0.854,1283
59,40,1,4,1,1438.3,0,1438.3,1.038,689
43,35,6,3,2,24396,1171,23225,0.655,965
46,36,2,3,2,2474,2143,331,1.53,1541
41,32,5,1,3,5214,795,4419,0.707,1258
51,46,5,2,2,5207,1650,3557,0.708,1339
51,25,2,2,2,9512,1082,8430,0.701,1007
43,23,6,3,2,3187,2430,757,0.617,1387
64,53,1,3,3,3353,0,3353,1.021,960
54,38,3,3,3,2290,1434,856,0.923,1119
48,43,6,1,3,5279,1115,4164,0.549,1642
40,29,5,3,0,23603,0,23603,0.795,1382
57,45,6,2,2,2601,0,2601,0.814,1232
45,40,4,3,0,6363,1029,5334,0.838,1542
41,36,4,3,3,8029,1576,6453,0.826,1094
42,31,2,2,2,2410,1769,641,0.759,1217
45,36,1,1,2,3401,0,3401,0.898,744
42,23,4,2,0,2260,1007,1253,0.84,1614
47,30,5,2,2,17682,2481,15201,1.302,1747
48,42,3,1,3,4206,1100,3106,0.587,1144
43,37,4,3,2,34516,1440,33076,1.117,1575
41,36,4,3,0,23018,2168,20850,0.859,1463
54,44,5,2,3,5556,1711,3845,1.434,1706
54,44,3,3,1,6094,0,6094,1.129,909
61,52,3,1,2,2939,1999,940,2.145,2434
61,48,2,1,0,5362,1274,4088,1.015,1876
48,36,3,3,3,27126,0,27126,0.953,1000
45,36,6,3,2,3342,2517,825,0.771,1139
54,40,6,2,2,2532,2221,311,0.491,799
54,46,2,2,3,1900,1376,524,0.89,1881
44,37,2,3,2,14546,1703,12843,0.955,1273
50,36,2,3,2,2521,1608,913,0.587,1328
55,36,3,4,3,16427,1682,14745,0.631,1579
48,36,5,1,2,13068,1718,11350,0.607,937
45,33,6,3,0,23218,1814,21404,1.178,1749
60,36,5,1,3,3281,837,2444,1.859,1424
55,47,5,3,2,3096,2217,879,0.799,2011
62,52,5,2,3,2052,1250,802,0.728,1208
38,30,2,3,0,1438.3,583,855.3,0.888,1259
46,39,2,3,2,9432,1418,8014,0.612,1319
50,45,5,2,3,14938,2303,12635,0.804,949
45,36,5,3,2,2221,1343,878,0.869,1338
47,37,6,3,0,5731,1577,4154,0.657,1554
48,33,2,2,3,34516,2061,32455,0.722,1350
35,22,5,2,2,6985,1130,5855,0.963,1694
51,42,3,3,0,24221,1707,22514,0.816,1678
36,24,4,1,1,15439,0,15439,0.742,2069
47,36,6,3,2,21637,2030,19607,0.776,1222
52,37,2,3,2,14543,0,14543,0.788,1536
43,36,2,1,1,9684,2475,7209,0.697,1400
63,36,2,2,2,5007,930,4077,0.885,1050
61,54,3,2,0,1616,1047,569,0.984,1389
53,40,5,2,2,19116,0,19116,0.656,1184
53,47,5,6,2,2759,2223,536,1.32,2093
57,38,2,3,3,8249,1381,6868,0.798,678
38,31,2,3,2,14041,2154,11887,1.084,1467
53,43,5,3,2,5264,2169,3095,0.374,1219
63,54,4,2,1,2420,1912,508,1.256,1730
49,43,4,2,0,2826,2070,756,0.541,1025
45,34,5,5,2,12518,1539,10979,0.645,1165
67,56,4,2,1,5876,1297,4579,1.012,2133
48,37,3,2,3,34516,0,34516,0.448,1122
51,38,4,1,2,9648,1926,7722,0.549,1083
52,40,3,3,3,34516,2177,32339,1.32,1234
55,35,3,3,0,3025,2376,649,1.252,1277
34,26,4,3,3,3265,2517,748,0.952,1843
56,36,3,2,2,6041,1355,4686,0.685,1747
44,36,3,3,2,2293,1823,470,0.617,1166
47,36,6,2,2,13399,2505,10894,0.627,1326
46,38,4,3,3,4317,2517,1800,0.944,1619
43,29,5,2,0,3378,1069,2309,0.581,1285
50,36,4,1,3,5012,2242,2770,0.816,1142
38,30,4,1,0,2569,1605,964,0.574,1190
53,45,3,1,2,3471,1785,1686,1.051,1052
43,31,5,3,3,34516,1699,32817,0.771,1628
53,36,6,3,2,3312,1844,1468,0.986,1740
56,38,4,3,3,2578,2462,116,1.707,1378
54,44,4,3,2,2902,2517,385,0.821,996
57,39,3,2,1,2742,2321,421,1.315,1389
62,53,5,3,3,2077,1571,506,1.031,1365
46,40,5,1,2,6265,1942,4323,1.027,1715
49,44,6,3,0,7819,1560,6259,0.827,1582
52,42,6,3,3,2731,1692,1039,0.62,1220
58,36,2,4,3,1438.3,537,901.3,0.819,715
54,36,3,1,2,16286,1710,14576,1.223,2552
49,39,3,2,3,34516,0,34516,0.507,1106
58,47,6,1,0,2609,2439,170,1.269,1731
52,45,5,3,2,7567,1173,6394,0.541,1435
41,33,5,3,3,22770,2517,20253,0.994,1882
62,50,5,1,2,3791,1648,2143,1.227,2058
54,39,4,4,2,2702,2517,185,1.019,1658
40,35,3,1,3,2555,2117,438,1.049,1334
43,26,5,3,2,2355,1090,1265,0.751,1441
53,42,6,2,0,5332,0,5332,0.939,1371
55,49,6,3,2,1443,1375,68,0.683,1991
46,39,6,2,3,10741,755,9986,1.166,1278
41,25,3,2,0,7984,1503,6481,0.797,1734
49,32,3,2,2,18584,2517,16067,0.703,1330
61,56,4,1,3,5585,1465,4120,1.503,1787
46,38,6,3,2,34516,2165,32351,0.837,1672
50,43,6,3,4,1438.3,0,1438.3,1.068,1439
40,24,5,1,0,2478,2031,447,1.284,1558
51,46,6,3,3,34516,2274,32242,0.788,1795
50,44,6,2,3,2339,1440,899,0.431,893
47,36,6,3,2,2726,0,2726,0.844,1099
43,39,3,3,3,14881,848,14033,0.762,1408
36,36,6,3,3,1628,969,659,0.999,1893
47,34,5,2,2,3156,1644,1512,1.052,1151
46,41,5,3,0,4745,1270,3475,0.93,1519
46,36,5,3,2,19727,1785,17942,0.572,1245
52,36,3,3,2,22720,793,21927,0.685,1102
43,36,5,3,0,8129,1799,6330,0.566,1402
40,27,6,2,3,3751,1521,2230,0.974,1060
54,36,3,5,3,1594,1411,183,0.817,1459
55,43,4,2,0,2569,1403,1166,0.886,1456
49,44,6,3,2,18206,1586,16620,0.921,1439
45,34,6,3,3,3104,1766,1338,0.828,1353
49,41,5,3,2,2406,1560,846,0.751,1173
63,36,5,2,3,24571,1955,22616,1.174,1746
40,36,3,2,3,15534,726,14808,0.556,1279
41,33,4,2,0,12301,2250,10051,0.484,1307
37,26,6,2,3,2846,1818,1028,0.711,1473
58,49,6,2,3,9788,1794,7994,0.778,1805
55,36,4,3,3,7231,2381,4850,0.996,1421
53,48,6,3,2,2324,1576,748,0.728,1272
57,40,3,2,3,12208,1980,10228,0.616,1409
43,30,2,5,3,5639,1547,4092,1.087,647
58,46,3,3,2,10021,1617,8404,0.578,1275
64,56,6,1,0,2215,1915,300,0.794,1270
54,44,3,2,3,2027,1480,547,0.979,1702
53,47,6,2,2,6363,1162,5201,0.644,1256
39,25,6,1,2,3920,2008,1912,0.944,3178
56,36,5,1,3,9226,1233,7993,1.521,1626
54,49,6,1,1,9376,1288,8088,0.597,1562
59,46,5,3,3,1944,1346,598,1.052,1960
42,36,3,1,0,9599,1554,8045,1.087,1154
42,28,5,1,2,28202,843,27359,0.637,1629
43,39,3,3,1,24850,1662,23188,0.693,1226
55,49,5,3,3,3805,2233,1572,1.095,1743
52,37,5,2,2,2733,1306,1427,0.791,1139
46,27,6,3,3,12781,1253,11528,0.638,1073
57,40,3,3,3,3106,1120,1986,1.045,683
48,42,3,3,0,7477,0,7477,0.511,1159
45,33,6,1,3,34516,2086,32430,0.986,1859
48,36,6,5,2,29963,2094,27869,0.648,1205
47,36,5,3,0,6509,2033,4476,0.83,1409
42,34,3,3,3,13450,0,13450,0.742,1000
41,36,6,2,0,27000,0,27000,0.61,1209
51,31,5,2,1,34516,1254,33262,0.869,1366
55,47,5,3,2,6347,0,6347,0.466,1161
67,49,4,3,2,3106,1675,1431,0.781,1512
39,31,4,1,1,2536,913,1623,1.059,1750
54,35,6,3,0,13048,1954,11094,1.139,1170
55,37,3,3,1,2453,968,1485,1.081,2218
47,36,3,2,2,16138,1249,14889,1.01,1198
49,38,3,2,0,8077,1965,6112,0.637,1329
42,23,3,3,3,1929,1673,256,0.835,857
57,36,3,3,2,3127,2517,610,0.589,1470
44,36,3,3,2,8645,1454,7191,0.708,1435
56,49,3,1,3,1438.3,0,1438.3,0.503,1093
49,38,6,3,2,2185,0,2185,0.727,715
45,32,5,2,2,24487,2517,21970,0.912,1512
63,36,6,2,3,2567,0,2567,1.636,2399
44,33,6,3,3,4131,785,3346,0.543,906
44,37,3,2,2,10790,1930,8860,0.75,1052
40,33,4,3,3,6884,1001,5883,0.786,975
39,36,5,3,3,13961,1299,12662,0.842,783
42,30,6,1,0,29801,1916,27885,0.781,990
54,43,4,1,1,13219,0,13219,0.576,1097
58,46,2,3,3,2536,0,2536,0.917,901
46,36,5,3,1,9478,820,8658,0.64,1327
47,34,6,1,2,3502,1851,1651,2.023,1814
67,56,4,3,3,10509,2388,8121,0.777,1365
50,36,3,3,0,1491,0,1491,0.876,1058
55,46,6,1,2,9734,0,9734,0.785,1476
46,22,6,1,3,2305,1627,678,0.747,1230
47,36,3,1,3,14241,2081,12160,0.909,1581
36,25,3,1,2,4789,1257,3532,1.134,1534
40,34,4,2,3,23138,1727,21411,0.693,1612
57,38,6,1,3,23008,2280,20728,0.674,1302
48,36,3,1,0,3131,2517,614,0.602,1439
58,53,5,3,2,5798,1794,4004,0.564,1724
48,36,5,2,3,6880,1390,5490,1.205,1784
48,41,3,2,2,34516,1531,32985,0.862,1156
53,34,6,2,1,2075,1469,606,1.322,2556
50,44,3,3,0,4589,0,4589,0.845,1590
52,40,1,2,2,2317,0,2317,1.005,884
53,45,1,1,1,1981,1518,463,1.019,973
56,47,3,2,1,6038,0,6038,0.741,1447
44,32,5,3,2,14910,877,14033,0.772,1150
49,39,3,3,2,29659,1143,28516,0.512,1193
54,42,3,3,2,4320,0,4320,0.967,706
39,36,6,1,3,11213,0,11213,0.563,1257
39,29,5,1,2,26181,0,26181,0.913,1303
41,31,3,1,0,5773,0,5773,0.67,1306
53,36,1,3,3,4503,0,4503,0.659,748
47,36,6,2,2,29770,1565,28205,0.674,1774
46,28,5,1,1,5014,1910,3104,0.863,1209
53,47,6,1,2,3445,1074,2371,0.67,1074
60,50,6,2,2,23412,1078,22334,0.79,1786
59,46,4,1,2,3044,1611,1433,0.74,1456
38,29,5,2,1,14596,2192,12404,0.898,1300
56,36,3,2,2,3864,1654,2210,0.491,1470
35,29,2,1,3,17030,1911,15119,0.528,715
50,44,4,2,3,23090,839,22251,1.326,1198
53,36,4,2,0,29205,1208,27997,0.957,1556
63,49,5,2,3,14035,2061,11974,2.271,1606
43,24,2,3,2,2962,2517,445,1.046,929
46,30,6,3,0,18578,1385,17193,0.565,1606
61,46,5,3,2,2201,1138,1063,0.675,1199
37,25,4,3,2,2061,1483,578,1.362,2400
42,23,4,2,2,24602,1660,22942,0.588,1337
41,29,3,2,2,15911,896,15015,0.954,1270
56,50,2,2,3,16867,0,16867,0.885,654
56,37,3,3,0,2783,1526,1257,0.942,1909
52,47,3,3,2,2972,0,2972,1.035,922
40,36,5,3,2,5124,2235,2889,0.542,1158
63,53,6,6,2,2880,2362,518,0.89,1323
58,46,4,1,0,5579,0,5579,0.481,1025
58,44,5,1,3,12010,2149,9861,0.801,1700
46,36,6,3,3,34516,1597,32919,0.858,1628
37,29,5,2,2,4394,885,3509,1.04,1377
46,35,4,3,3,18325,723,17602,0.815,1517
46,37,5,3,2,3773,1972,1801,0.783,1528
41,29,5,1,3,21684,1748,19936,0.715,1329
48,40,4,1,2,1919,774,1145,0.965,1505
49,33,5,3,2,9995,1713,8282,0.96,1172
44,35,3,2,2,11910,2098,9812,1.16,1646
39,36,4,2,0,2279,1529,750,1.26,1693
57,48,3,1,2,3539,0,3539,0.781,1336
48,36,5,1,3,30579,1351,29228,0.759,1289
47,42,4,1,0,24480,1923,22557,0.505,1416
56,52,6,1,2,17561,0,17561,0.94,1608
54,40,3,1,2,1638,0,1638,0.75,1885
54,36,3,3,2,2947,2216,731,0.76,1744
52,42,6,1,0,5738,1112,4626,1.519,1922
43,34,5,2,2,33304,1833,31471,0.428,1448
59,48,6,3,3,7251,1603,5648,0.591,1300
44,34,6,2,0,2885,1895,990,0.387,1366
56,36,6,2,3,2641,1257,1384,0.891,1439
45,35,6,3,0,2801,2043,758,0.583,1241
55,45,3,3,3,16794,809,15985,1.566,1917
48,41,4,1,3,9336,1672,7664,0.696,1391
56,43,4,1,0,2763,2517,246,0.938,1246
41,36,5,3,2,17391,1044,16347,1.08,1248
65,36,3,2,0,3198,2493,705,0.665,1936
34,26,3,3,2,5100,1786,3314,1.06,2375
56,39,3,1,2,3955,2517,1438,0.484,1238
62,48,5,3,1,3140,1985,1155,1.346,1626
45,36,3,3,3,4028,710,3318,0.731,791
38,32,5,3,3,2264,0,2264,0.479,1204
49,44,5,2,2,21620,2008,19612,0.691,1300
58,45,3,2,0,6385,1535,4850,1.138,1612
41,31,4,2,3,2375,1658,717,0.638,1071
33,13,3,3,3,1963,1721,242,0.68,1378
47,37,6,2,2,4256,1084,3172,0.63,1100
56,49,5,1,0,5097,1152,3945,0.94,2052
51,45,3,2,3,3228,2517,711,0.949,1349
49,41,6,1,3,20231,977,19254,0.893,1215
50,39,3,2,3,27512,2137,25375,1.048,1149
55,47,5,2,0,1929,1540,389,1.142,2354
26,13,6,3,2,2585,2019,566,0.525,2644
58,47,3,3,3,12151,1799,10352,1.022,918
46,42,3,2,2,34516,2113,32403,0.618,1362
48,31,6,3,1,34516,1013,33503,0.575,1222
42,32,4,1,2,5504,0,5504,0.62,1364
37,28,4,1,2,10021,1203,8818,0.93,1463
63,49,5,3,0,3558,2318,1240,1.265,1631
50,44,4,3,4,19853,1513,18340,0.802,1878
41,31,6,3,2,4969,838,4131,0.591,1489
48,40,3,2,3,3117,1603,1514,1.167,1437
46,41,4,2,0,21526,2332,19194,0.755,1313
61,51,4,2,2,5504,1412,4092,0.722,1290
59,53,4,3,2,5512,1124,4388,1.391,1975
53,39,1,2,3,1438.3,0,1438.3,0.644,807
39,28,5,3,0,7262,1466,5796,0.512,1438
51,40,6,3,2,7319,1692,5627,0.701,1233
45,25,3,5,3,1438.3,0,1438.3,0.676,709
48,30,4,3,3,7712,1387,6325,0.861,1597
47,37,6,3,0,2053,0,2053,0.865,1283
41,32,3,1,3,12804,2517,10287,0.892,1101
48,36,3,3,2,26443,1601,24842,0.493,1593
50,36,6,2,0,3125,1928,1197,0.412,1631
56,48,6,1,2,4930,2259,2671,1.134,2194
39,36,6,3,3,9476,0,9476,0.605,1128
47,37,6,3,3,11722,1667,10055,0.566,1497
44,33,4,1,3,13301,0,13301,1.058,1385
61,47,4,2,3,1438.3,0,1438.3,1.337,1449
43,37,3,3,1,1438.3,0,1438.3,1.004,974
59,36,3,2,3,6705,0,6705,0.749,731
42,31,4,2,0,22718,0,22718,0.791,1191
40,28,4,2,2,23981,1788,22193,0.631,1421
65,56,4,2,4,2318,1010,1308,0.81,1256
48,29,4,3,2,19324,1040,18284,0.904,1744
44,34,5,3,1,5331,1993,3338,0.777,1766
36,31,5,2,0,15700,1276,14424,1.389,2229
45,30,6,2,2,17625,894,16731,1.285,1773
39,34,6,3,2,17438,0,17438,1.078,1860
40,25,3,3,1,1962,0,1962,0.684,1179
62,56,3,3,2,8077,0,8077,0.749,906
26,13,6,1,2,3290,1616,1674,0.466,2781
60,53,5,3,2,2402,1728,674,0.652,1650
54,42,6,1,0,9256,1999,7257,0.812,1446
62,36,6,3,3,3674,895,2779,0.658,1703
57,50,2,5,3,6462,0,6462,0.856,761
59,48,4,2,2,1638,0,1638,0.533,1536
46,38,3,3,2,4335,2480,1855,0.543,1373
44,32,5,3,2,3233,1034,2199,0.759,1256
48,36,1,3,1,11862,2517,9345,0.766,643
43,24,4,2,0,34516,1938,32578,0.426,1215
57,38,6,6,2,19802,1961,17841,1.125,2244
46,36,4,2,2,24869,1729,23140,0.408,1409
40,36,4,2,1,3624,1975,1649,0.708,1469
54,36,4,1,2,6175,960,5215,0.709,1847
57,48,5,1,0,10953,1945,9008,0.886,1277
44,28,6,2,3,11338,0,11338,0.695,1227
47,35,3,2,2,5544,1184,4360,0.85,1336
47,36,4,1,1,19665,706,18959,1.317,1110
50,43,6,2,3,2927,1412,1515,0.763,1474
53,33,4,3,3,5146,1618,3528,1.073,1955
56,44,5,3,3,1704,0,1704,0.701,660
55,46,2,2,3,1438.3,0,1438.3,1.037,888
53,36,6,1,3,2974,1170,1804,1.297,1785
61,49,1,2,2,5472,788,4684,0.526,705
57,38,3,1,2,2736,1822,914,0.593,1211
50,37,6,2,1,1438.3,862,576.3,0.65,1391
56,45,4,3,0,5406,1782,3624,0.976,1407
52,44,5,1,1,34516,2174,32342,0.426,1616
60,36,6,2,2,1976,1311,665,0.995,1498
49,40,3,1,1,8714,2252,6462,0.831,1536
46,41,4,1,1,8693,1378,7315,0.799,1594
42,36,6,1,2,9247,710,8537,0.735,1190
45,33,6,5,0,7717,1430,6287,0.822,1248
45,38,3,4,3,4908,0,4908,0.993,827
44,38,6,1,3,7222,0,7222,0.685,920
61,48,6,2,2,21740,0,21740,0.676,1755
55,44,3,2,2,2323,0,2323,0.737,804
44,29,4,2,2,7788,0,7788,0.296,1196
55,36,4,1,3,1438.3,361,1077.3,0.963,850
57,36,3,2,2,23700,1314,22386,1.487,1644
45,40,6,3,1,11710,693,11017,0.914,1749
57,45,3,2,2,2278,845,1433,1.328,2307
31,22,3,3,0,4048,1113,2935,0.717,1757
34,24,6,2,2,3663,1853,1810,0.963,1826
53,36,2,2,3,1438.3,0,1438.3,0.672,799
35,28,4,5,2,3518,1575,1943,0.625,2121
44,36,4,1,0,1717,0,1717,0.619,1468
50,45,3,2,2,16813,1185,15628,0.552,1482
33,25,4,2,3,16434,2104,14330,0.955,1726
50,45,4,2,3,21872,1118,20754,0.658,1806
51,41,5,2,0,15897,1437,14460,0.584,1405
56,46,5,3,2,4271,1150,3121,1.064,2052
55,29,6,1,2,7361,1309,6052,0.504,1175
26,36,4,1,3,1438.3,479,959.3,0.553,1786
42,33,6,3,3,8628,1077,7551,0.872,1675
54,44,4,3,3,18750,1705,17045,0.807,1200
44,36,4,2,3,21242,819,20423,0.499,1283
65,56,5,3,0,2961,1570,1391,0.908,1937
38,29,4,2,2,11327,1528,9799,1.142,2033
58,40,6,1,3,8308,2517,5791,1.455,1915
39,28,4,2,2,3249,2217,1032,1.06,1988
52,36,5,1,2,2981,1358,1623,1.242,1648
45,31,4,1,0,8829,901,7928,0.825,1902
42,33,3,3,2,3714,2170,1544,0.524,1454
42,28,6,1,3,7340,0,7340,0.65,838
57,51,4,2,3,16952,0,16952,0.709,1918
55,35,4,1,3,20865,0,20865,0.881,837
44,25,6,3,2,3083,1040,2043,0.729,4311
37,24,3,2,2,10584,1550,9034,0.692,1567
50,42,4,1,2,2240,0,2240,0.668,1905
51,40,5,1,2,12240,1566,10674,0.539,1422
37,21,6,2,0,5120,0,5120,0.867,1680
36,24,3,1,3,3124,1593,1531,0.869,1652
51,36,5,3,0,11261,2485,8776,0.736,1158
65,56,3,3,2,2468,2021,447,0.906,1797
43,28,4,2,3,22157,1355,20802,0.69,1911
46,32,6,2,3,11477,0,11477,0.767,1260
43,33,5,2,2,3933,852,3081,0.433,1489
56,50,3,3,3,8022,1372,6650,0.896,1794
43,34,6,2,0,13771,2517,11254,0.501,1510
53,48,3,3,3,30271,1406,28865,1.336,3231
50,41,6,2,2,3244,1762,1482,0.661,1274
43,36,6,1,3,2936,2379,557,0.694,1572
54,36,6,1,2,1438.3,1133,305.3,0.759,1935
33,25,6,3,3,6242,491,5751,1.054,2187
58,49,3,1,3,6175,1166,5009,0.803,1417
41,26,4,3,2,11806,1811,9995,0.754,1465
48,39,5,2,2,4734,954,3780,0.6,1570
55,36,5,2,0,6244,2517,3727,0.607,1445
54,45,3,1,3,1438.3,306,1132.3,1.035,694
51,34,3,1,2,34516,1578,32938,0.725,1929
35,24,4,1,2,23561,864,22697,1.373,2447
50,36,5,2,3,24742,1676,23066,0.566,1306
55,41,2,2,2,27560,900,26660,1.031,646
45,35,6,1,3,5923,1686,4237,0.702,1236
34,36,6,1,2,8581,2326,6255,1.226,2513
55,41,4,3,3,3156,2517,639,1.516,2091
48,36,5,1,3,7151,800,6351,0.986,854
46,35,5,1,2,1535,700,835,2.282,1848
61,56,3,3,3,2122,554,1568,0.857,949
48,35,3,2,2,17131,1213,15918,0.604,1371
51,42,6,2,2,5822,2387,3435,0.76,1804
39,29,3,1,3,3537,2517,1020,1.021,1605
43,33,3,1,3,34516,2129,32387,0.587,1463
53,47,6,4,3,16320,0,16320,0.757,1279
38,36,5,3,3,2407,843,1564,1.008,1470
49,43,4,1,2,3538,0,3538,0.481,1265
37,31,5,2,2,2684,1381,1303,0.794,2002
53,36,4,3,2,34516,2517,31999,0.741,1475
46,40,4,2,2,15459,0,15459,0.789,1419
44,36,5,3,3,4307,0,4307,0.745,1628
50,46,4,2,3,2081,1235,846,1.485,1337
58,47,3,2,2,2848,1468,1380,0.517,1135
55,51,3,1,3,34516,1266,33250,0.846,1161
44,35,6,1,2,6361,1292,5069,1.027,1571
57,38,4,1,3,15428,1553,13875,0.747,1916
57,48,5,1,3,2544,1927,617,0.939,1346
48,42,1,1,3,9959,0,9959,0.688,805
51,39,3,3,2,8796,2517,6279,0.492,1195
53,48,6,1,3,3428,1566,1862,0.557,1155
45,36,6,2,2,1438.3,0,1438.3,0.597,1431
41,32,5,3,2,18001,906,17095,0.62,1194
51,42,3,1,3,2680,1753,927,0.32,1154
46,35,6,4,3,4675,1734,2941,0.413,1232
40,35,3,1,3,2448,1693,755,0.502,1269
33,28,3,3,3,4049,0,4049,0.898,1742
53,38,6,2,2,8154,996,7158,0.594,1379
63,36,5,3,2,4559,1571,2988,1.441,1870
61,36,4,2,1,19354,984,18370,0.956,1207
56,46,3,3,3,2340,1930,410,0.987,781
53,47,6,3,0,13848,1389,12459,1.178,1773
62,52,4,2,2,2490,513,1977,0.678,864
50,36,6,1,2,32156,1791,30365,0.906,1559
37,30,5,3,2,2578,2517,61,0.896,1830
62,52,6,3,2,9050,1538,7512,0.77,1542
49,41,4,1,2,34516,0,34516,0.499,1506
57,51,6,1,0,8362,0,8362,0.528,1175
55,36,3,2,3,6514,2258,4256,0.785,1383
50,42,3,3,4,4051,1183,2868,0.794,1837
48,37,3,3,2,11959,1665,10294,0.675,1191
60,48,3,2,2,2070,0,2070,0.708,1793
46,32,5,2,1,11840,1295,10545,0.84,1560
47,35,4,3,2,3636,1010,2626,0.596,1564
54,36,3,3,3,11067,2517,8550,1.048,1843
53,40,3,3,3,11262,1435,9827,0.735,2165
56,36,4,1,0,5108,1656,3452,0.711,1631
56,36,5,1,1,2072,1543,529,0.486,1265
41,24,4,3,3,4119,1656,2463,0.561,1455
60,42,5,3,3,5903,1335,4568,0.914,1137
40,25,6,2,3,7860,541,7319,0.764,1367
49,36,6,2,2,5918,842,5076,0.56,1292
46,41,5,3,2,6741,1745,4996,0.559,1682
36,36,6,1,2,3880,1542,2338,1.015,1598
57,45,4,2,0,2494,1639,855,0.858,1555
38,23,4,3,2,22149,987,21162,1.633,2409
50,36,4,3,1,34516,1542,32974,0.869,1770
62,51,3,2,0,5450,967,4483,0.701,1526
43,35,2,2,3,1438.3,0,1438.3,0.694,891
44,24,4,3,3,2003,1224,779,0.646,1756
39,32,6,3,2,7723,1902,5821,1.181,1241
38,23,4,1,1,18226,1847,16379,0.845,1681
44,39,4,2,2,8128,1846,6282,0.857,1224
43,32,6,2,3,5851,1660,4191,0.786,1572
54,40,6,3,3,10260,942,9318,1.042,1566
38,32,5,1,0,26945,727,26218,0.687,1579
55,36,6,3,3,2243,1418,825,0.39,1334
42,36,4,1,2,34516,1839,32677,0.69,1230
56,45,5,3,2,12248,0,12248,0.894,767
59,50,3,2,3,1438.3,0,1438.3,0.57,724
46,28,4,3,2,19843,1178,18665,0.909,1638
55,45,3,3,3,2163,0,2163,0.816,1349
52,41,4,2,2,33864,989,32875,1.219,1751
39,26,3,1,2,4531,1214,3317,0.813,1414
42,26,5,2,3,2950,1705,1245,0.605,1260
43,23,6,2,3,7706,392,7314,0.764,965
47,36,5,1,0,25657,2216,23441,0.856,1121
42,36,5,3,2,17536,1525,16011,0.859,1411
39,24,4,3,3,3770,1197,2573,0.621,1602
50,45,5,2,2,10344,1274,9070,0.445,1617
57,51,4,1,1,26437,1472,24965,0.742,1244
41,30,4,6,1,2450,1967,483,0.589,1263
52,36,5,1,2,3136,1864,1272,0.693,1036
43,36,4,3,2,6976,0,6976,0.519,1217
42,36,4,3,1,21134,1508,19626,0.505,1556
58,53,6,2,3,2019,1380,639,1.158,2005
42,34,3,2,3,34516,668,33848,0.678,1698
55,45,5,3,3,9959,1890,8069,1.043,2041
38,28,4,3,2,20241,1203,19038,0.66,1102
40,28,3,1,2,2421,1747,674,0.691,1346
48,37,5,6,3,30948,2404,28544,0.609,1511
32,22,3,3,2,2642,2035,607,1.119,1761
33,36,4,1,1,8070,2350,5720,1.03,2117
58,48,2,3,3,4085,2238,1847,0.568,596
26,19,5,2,2,2187,1597,590,0.777,2560
46,36,3,3,2,34516,1092,33424,0.737,1409
39,29,4,3,2,3358,1758,1600,0.723,1759
36,25,6,3,3,1888,0,1888,0.928,1886
43,24,2,3,3,14447,0,14447,0.856,915
45,26,6,3,2,32349,1630,30719,0.646,1343
51,36,3,2,3,12605,1449,11156,0.703,1870
62,36,4,2,2,2964,2400,564,1.296,1557
58,38,6,3,3,3785,1935,1850,1.558,1824
42,36,5,1,0,2727,834,1893,0.568,1294
49,44,3,1,1,3343,1581,1762,1.146,1545
53,35,6,3,1,9786,0,9786,0.701,820
45,36,4,1,3,6407,1884,4523,0.678,1675
29,15,6,2,2,4158,1635,2523,0.778,1678
60,50,6,1,2,21697,2144,19553,0.654,2117
50,40,5,2,2,31383,1688,29695,0.765,1721
53,36,3,1,0,30883,1694,29189,0.86,1267
45,38,6,3,1,12918,1345,11573,1.061,1562
50,37,3,3,0,8520,814,7706,0.504,1193
46,34,4,3,2,14310,694,13616,0.558,1254
61,53,6,2,3,14434,1927,12507,2.675,1731
46,36,5,2,1,7793,1705,6088,0.597,1099
62,56,2,1,2,8990,0,8990,0.935,747
43,33,6,2,3,4343,0,4343,0.563,1352
54,50,4,2,0,2872,2035,837,0.613,1770
50,36,5,1,3,9697,0,9697,0.759,1812
35,21,3,3,1,2967,1843,1124,0.681,1673
35,23,4,3,2,2148,1545,603,0.682,2167
36,36,6,3,1,6116,2517,3599,0.691,2369
42,36,5,2,2,18085,1487,16598,0.792,1582
39,32,6,3,0,2524,1395,1129,1.048,1800
50,45,5,2,2,33951,0,33951,0.822,1567
43,35,3,3,2,3312,0,3312,0.698,647
39,20,3,2,2,9956,1117,8839,0.515,1447
47,36,6,1,3,3888,1663,2225,0.664,1145
60,48,3,1,3,30655,0,30655,0.475,3280
30,23,4,2,0,2997,1393,1604,1.12,1577
44,24,5,3,2,11042,2211,8831,0.897,1140
52,41,6,3,2,3386,1794,1592,0.671,1736
45,36,6,1,3,15987,1648,14339,0.732,1436
40,30,5,3,3,25188,1295,23893,0.557,1513
36,23,6,2,1,2410,1705,705,0.798,2505
65,53,4,3,0,4315,717,3598,0.808,1723
35,24,6,1,1,2592,2227,365,0.633,1695
54,49,5,3,2,5476,2517,2959,0.967,1532
53,43,5,3,0,2464,2116,348,0.744,2110
62,44,3,2,3,2378,1610,768,0.448,1807
40,21,6,4,3,20056,1602,18454,0.466,1687
41,36,4,2,2,8013,2025,5988,0.789,1481
53,49,6,2,3,3386,1984,1402,0.573,1318
30,17,3,3,2,7906,1631,6275,0.889,1946
46,34,4,3,0,11501,713,10788,0.84,1481
29,19,4,1,2,13632,1482,12150,0.893,2168
37,27,6,1,3,2229,1791,438,1.139,1583
51,40,4,1,1,5158,2190,2968,0.426,1229
31,21,3,3,0,2158,1729,429,1.1,1718
45,41,6,2,2,23271,1262,22009,0.718,1402
57,36,2,3,2,10244,861,9383,0.78,1127
43,30,3,2,1,2588,1669,919,0.788,1053
44,27,4,2,3,10747,1603,9144,0.471,1340
53,46,4,3,1,7474,0,7474,0.858,732
32,36,3,1,3,3555,0,3555,0.813,2346
53,38,6,3,2,22140,733,21407,0.987,1580
54,36,2,3,4,9457,350,9107,1.024,1196
42,35,4,5,0,6218,2134,4084,1.25,2086
38,25,3,3,1,2580,2265,315,0.824,1665
44,39,6,2,2,1438.3,0,1438.3,0.871,1495
54,43,6,3,1,6224,1892,4332,0.983,2187
37,36,5,3,1,3093,2517,576,0.855,1371
48,42,4,3,3,4076,0,4076,0.808,1235
55,36,3,2,0,4861,1123,3738,0.938,1556
43,36,6,3,3,9851,0,9851,1.034,1212
37,26,4,3,2,7349,2517,4832,0.877,2701
34,28,3,3,3,2853,2420,433,0.858,1750
46,36,4,3,2,17023,1084,15939,0.928,1610
32,24,6,2,3,10060,2322,7738,0.894,2184
53,41,6,1,2,1595,870,725,0.694,1745
46,38,3,2,1,8475,1385,7090,0.611,1381
38,25,6,3,3,5559,658,4901,0.627,1793
31,22,3,3,2,2917,2127,790,1.074,1831
38,36,3,3,3,6692,2037,4655,0.401,1468
46,28,2,2,3,8551,1067,7484,0.931,1097
47,36,6,2,3,10569,0,10569,0.838,1682
47,36,5,2,2,7051,0,7051,0.527,1451
56,46,3,2,1,10117,2242,7875,0.662,1509
47,36,6,2,1,8311,0,8311,0.584,1895
47,41,5,3,2,26442,1642,24800,0.651,1403
64,51,6,3,1,4920,1142,3778,0.507,1420
37,25,6,2,1,1438.3,674,764.3,2.18,1717
42,29,5,2,2,26750,1204,25546,0.428,1131
41,34,4,3,3,34516,1347,33169,0.801,1005
65,36,3,3,2,1438.3,747,691.3,0.491,948
49,41,6,2,2,1869,758,1111,0.91,1549
54,36,5,2,3,14539,0,14539,0.907,965
46,36,5,1,3,26977,1961,25016,0.641,1958
50,36,3,1,3,5426,1478,3948,0.664,1266
50,34,6,1,3,7623,2517,5106,1.007,1367
48,39,3,3,3,4844,1576,3268,0.809,1489
62,52,6,1,1,2683,1707,976,1.254,1582
39,22,3,1,2,3214,2257,957,1.279,2516
46,39,4,3,3,5374,2324,3050,0.423,1557
41,33,5,3,3,8004,1452,6552,0.929,1084
39,31,4,2,3,1438.3,997,441.3,1.867,2583
46,34,3,3,3,2925,2365,560,0.691,1371
39,35,5,3,3,9235,1479,7756,0.843,1537
44,24,5,3,0,8837,2103,6734,0.559,3753
57,29,6,1,1,8801,1421,7380,0.568,1104
40,28,4,1,1,3563,1707,1856,0.506,1482
65,36,4,3,2,8138,2104,6034,0.837,1299
26,20,6,3,3,1438.3,673,765.3,0.595,2167
47,33,4,2,2,2458,1399,1059,0.739,1563
47,34,5,2,3,4592,1635,2957,0.952,1772
57,45,2,1,3,1438.3,0,1438.3,1.036,1254
31,36,3,3,3,1868,1515,353,1.359,2229
54,49,3,1,2,5269,1099,4170,1.178,2195
43,36,3,3,3,20156,1759,18397,0.476,1362
39,35,4,3,2,7410,2517,4893,1.924,2398
53,44,3,2,3,12163,2082,10081,1.554,2649
44,37,3,2,3,6224,0,6224,0.738,1463
59,49,3,3,3,4250,1095,3155,0.947,1174
53,40,6,3,1,12059,1978,10081,0.877,1836
34,28,5,1,3,2799,1762,1037,0.986,1817
47,36,3,1,1,18037,0,18037,0.74,1387
54,43,3,2,3,5657,1719,3938,0.606,2028
42,33,6,1,1,13770,2517,11253,0.788,1582
53,44,6,2,3,4646,1730,2916,0.683,1774
50,35,3,3,1,2514,1521,993,0.638,1636
56,51,3,2,3,14501,0,14501,0.854,1031
43,36,1,3,3,8663,288,8375,0.639,916
44,36,5,3,3,2333,1485,848,0.692,1198
34,26,5,5,3,3038,1539,1499,0.707,2189
61,52,6,6,1,8851,0,8851,0.731,1257
54,44,6,3,1,2945,2206,739,0.983,1503
49,40,3,3,2,5267,0,5267,0.442,1353
56,45,2,1,3,8512,0,8512,1.038,811
47,36,4,3,2,19063,1714,17349,0.786,1270
53,33,5,3,3,5376,1177,4199,0.939,1840
30,13,5,1,2,7772,1890,5882,0.754,2585
39,29,6,1,1,9173,2047,7126,1.419,1807
44,35,4,1,3,34516,1726,32790,0.867,1729
54,36,5,1,2,11975,1542,10433,0.77,1211
46,36,3,2,3,15405,1691,13714,0.814,1763
43,38,6,1,1,2615,0,2615,0.589,1395
35,25,6,1,2,23991,2307,21684,0.912,1843
39,31,4,3,3,1888,1292,596,0.772,1517
61,54,3,2,2,3102,2091,1011,0.704,1977
40,29,5,2,2,3170,2517,653,1.301,2027
53,36,6,2,0,34516,1901,32615,0.914,1497
55,41,4,3,2,14938,0,14938,0.49,1134
41,24,6,2,2,17298,2310,14988,0.844,3663
35,36,4,3,3,3131,629,2502,0.749,1483
61,47,3,2,2,11915,1631,10284,0.748,1956
51,39,3,3,1,16868,0,16868,0.938,940
42,35,4,3,3,3266,1900,1366,1.568,2183
46,30,3,3,3,2770,1286,1484,1.068,2920
46,40,3,2,2,3556,2172,1384,0.402,1221
46,35,3,2,2,9149,1566,7583,0.971,1790
26,19,4,1,2,1438.3,0,1438.3,0.472,2005
46,35,4,3,3,14701,1635,13066,0.618,3490
62,44,5,2,2,14825,962,13863,0.76,1904
55,49,4,5,3,10127,1873,8254,0.573,1647
55,45,5,1,2,2929,2431,498,1.632,1903
32,24,5,2,0,3735,1176,2559,1.184,1564
37,18,5,1,2,2930,2024,906,0.903,1686
33,29,6,2,3,12716,1496,11220,1.032,2412
42,32,5,2,2,22120,1805,20315,0.65,3981
33,22,3,3,3,1438.3,681,757.3,1.542,2730
60,36,3,2,2,4546,0,4546,0.66,1361
65,47,3,2,1,1759,0,1759,1.058,821
57,36,3,3,3,4829,2418,2411,0.601,938
59,47,5,3,2,7692,1678,6014,1.423,1861
45,39,4,3,2,2156,1208,948,0.569,1345
62,36,6,3,3,9521,1669,7852,1.308,2444
51,41,6,3,2,26714,2517,24197,0.758,1686
57,47,6,2,3,2092,1387,705,0.731,1468
38,32,4,2,1,11594,2072,9522,0.983,2320
32,19,6,1,0,2834,1418,1416,1.458,1598
43,37,4,3,2,4724,2056,2668,0.423,1232
51,47,6,4,3,3049,1151,1898,0.533,4027
50,36,4,3,1,20614,0,20614,0.926,1922
64,54,6,1,2,3250,1992,1258,0.715,1355
53,36,3,1,2,3128,2517,611,0.696,2361
42,30,2,2,3,6414,0,6414,0.718,708
53,34,6,3,0,2506,0,2506,0.598,1687
52,47,6,2,3,7469,2338,5131,0.441,1212
60,36,4,3,2,3460,2517,943,1.144,1752
30,19,5,3,2,9959,2377,7582,1.1,1560
43,39,4,1,2,4175,2517,1658,0.551,1520
60,48,3,1,3,10264,2073,8191,0.62,1685
46,36,4,3,3,4129,0,4129,0.96,1678
65,45,6,2,2,2658,1514,1144,1.193,1627
44,33,4,2,3,4589,1240,3349,0.856,1637
56,36,6,1,2,2781,1035,1746,0.816,1707
45,39,4,3,2,24880,836,24044,0.701,1208
37,31,6,1,2,8504,1956,6548,0.963,1881
48,39,5,1,3,8091,1996,6095,0.646,1360
37,30,4,4,3,3417,2517,900,0.992,1641
39,22,4,3,3,9204,845,8359,0.673,1820
41,32,5,2,3,14302,2097,12205,0.407,1505
55,45,5,2,0,3187,2517,670,1.144,1627
34,36,5,3,2,6313,782,5531,0.931,1703
52,47,6,1,3,15904,1024,14880,0.369,1433
54,39,6,2,3,11696,2288,9408,0.973,2445
40,36,5,3,2,20371,1832,18539,0.907,1665
52,41,3,3,1,34516,1043,33473,0.562,1489
45,33,3,1,3,7552,0,7552,0.463,1393
61,53,5,1,2,5561,1434,4127,1.423,1820
57,52,6,3,2,1441,0,1441,1.364,2742
51,33,6,2,2,19715,1014,18701,1.437,1979
60,52,5,3,2,2486,1464,1022,0.731,1378
48,44,5,1,3,4570,2439,2131,0.693,1520
34,13,3,3,2,3870,1394,2476,0.827,1588
49,36,6,3,2,12938,661,12277,0.725,1282
53,36,3,1,3,21178,1796,19382,1.182,1872
34,36,3,2,0,12182,1136,11046,0.753,2295
54,42,6,2,0,3583,0,3583,1.088,1065
40,27,4,2,3,17018,0,17018,0.69,1550
49,41,6,3,2,16031,2245,13786,0.635,1527
41,36,6,2,3,4203,2517,1686,0.771,1489
46,36,5,1,3,4213,997,3216,0.668,1264
46,33,6,2,2,21548,1180,20368,0.52,1582
30,36,3,5,3,18513,2517,15996,0.524,1567
59,36,4,2,2,2483,1372,1111,1.642,1704
50,38,5,2,2,3460,1881,1579,0.622,1546
49,36,5,3,2,6511,1790,4721,0.397,1478
45,40,3,3,1,1438.3,0,1438.3,1.23,2132
53,36,3,2,2,2615,1772,843,0.611,1419
42,35,4,3,2,2985,2355,630,0.602,1065
46,28,5,1,3,18797,2158,16639,0.446,1364
33,22,3,1,3,2859,2517,342,1.254,2247
46,38,4,3,0,2888,2245,643,0.772,1111
61,36,4,3,3,9172,1567,7605,1.451,1836
42,34,5,3,2,14281,1519,12762,0.256,1164
47,39,3,2,3,7353,1450,5903,0.739,2005
47,36,6,2,2,5145,0,5145,0.693,1588
53,36,3,2,3,4753,2472,2281,1.274,2242
46,26,3,3,3,2171,1418,753,0.505,1415
26,36,5,2,3,4150,456,3694,1.126,2483
45,41,6,3,3,9106,2477,6629,0.515,1239
36,36,3,3,2,2686,1733,953,0.706,2057
42,38,5,1,2,10239,510,9729,0.344,1228
52,36,4,3,2,34516,549,33967,0.78,1629
37,25,3,3,0,15017,1733,13284,0.635,2076
53,43,3,1,2,4426,1530,2896,0.518,1231
65,52,5,3,3,2155,0,2155,1.423,1655
47,34,4,1,3,20620,1085,19535,1.276,1477
38,19,3,1,3,3238,2146,1092,0.673,1501
52,46,5,3,0,14316,1081,13235,0.67,1313
36,36,5,3,2,2607,1880,727,1.464,2045
43,24,3,5,4,6231,0,6231,1.054,1448
38,30,6,2,2,3730,2517,1213,0.853,858
65,56,4,1,4,3094,2266,828,0.724,1591
51,41,2,2,3,6630,916,5714,0.927,842
40,22,2,2,3,1925,0,1925,0.672,781
39,36,4,2,3,33406,1692,31714,1.242,1529
39,30,3,2,3,2917,1357,1560,1.593,2422
60,47,3,3,3,9452,2517,6935,0.73,1825
43,29,6,3,2,2162,1377,785,0.6,1555
31,18,3,2,4,1438.3,0,1438.3,1.561,2789
55,42,4,2,3,34516,1478,33038,0.967,1308
65,54,3,3,3,2888,1134,1754,1.479,2489
54,44,3,3,3,3947,1746,2201,0.478,1110
40,31,3,3,4,15970,1212,14758,0.542,1260
38,27,4,1,2,1830,0,1830,0.736,1741
36,29,5,3,3,7712,2517,5195,0.676,1845
43,36,5,3,3,20811,1425,19386,0.382,1483
41,31,3,3,2,11789,1420,10369,0.659,1463
50,37,3,1,2,3073,1792,1281,1.099,1734
48,36,6,2,2,34516,0,34516,0.691,1733
39,26,6,2,2,34516,2517,31999,0.887,1689
55,46,6,2,2,6725,2025,4700,0.604,1865
44,39,5,2,4,2978,2134,844,0.579,1413
42,36,1,1,3,34516,781,33735,0.803,853
54,46,3,1,3,34516,854,33662,0.928,1999
57,36,6,2,3,24545,1735,22810,0.664,1671
53,46,5,2,3,1438.3,0,1438.3,0.743,2118
41,31,5,1,2,2490,627,1863,0.345,1391
39,24,6,2,4,10074,2517,7557,0.77,1729
45,40,3,3,2,2259,954,1305,0.695,1393
46,35,6,3,2,34516,1236,33280,0.549,1665
54,50,4,2,3,9519,1936,7583,0.929,2489
40,36,3,1,2,3706,1043,2663,0.384,1688
48,40,6,2,2,4438,2472,1966,0.69,1725
56,51,5,2,1,1438.3,0,1438.3,0.597,594
33,36,4,2,3,2372,1887,485,0.8,1852
44,34,5,1,2,4214,1249,2965,0.542,1389
62,53,3,1,3,1438.3,0,1438.3,0.699,902
33,36,4,2,4,2613,1599,1014,0.749,1387
36,26,6,1,4,4331,1445,2886,1.07,2053
46,27,5,1,3,3665,1725,1940,0.495,1881
61,49,6,2,3,1438.3,0,1438.3,0.94,840
41,28,2,1,3,4411,2517,1894,0.988,803
42,37,3,6,2,15871,2086,13785,0.745,1562
35,27,3,2,3,12643,0,12643,0.393,787
65,36,5,2,3,6088,2145,3943,1.371,2098
36,27,2,1,2,13873,0,13873,0.233,694
42,32,3,2,3,6158,0,6158,1.411,3132
51,41,5,3,3,5638,808,4830,0.781,2036
54,40,5,2,4,2178,1144,1034,1.585,1724
40,22,3,3,3,12588,2005,10583,0.996,1561
40,34,6,2,4,11942,1651,10291,0.598,1085
57,44,6,3,2,3914,0,3914,0.524,1964
57,49,4,2,4,3038,1410,1628,0.644,1762
53,47,3,1,3,5579,1423,4156,0.503,1514
40,31,5,1,2,18693,2052,16641,0.5,1516
28,18,5,1,3,2943,1789,1154,1.271,2591
38,28,4,2,3,2435,1888,547,0.922,1847
37,30,5,2,2,2077,1392,685,1.553,1629
65,36,5,2,2,5756,0,5756,1.046,2144
58,45,4,1,1,21065,2517,18548,0.84,1060
41,30,6,3,2,9428,1765,7663,0.587,1457
54,47,4,1,3,6065,1728,4337,0.417,1114
39,21,6,1,4,5024,1613,3411,0.758,1925
26,13,3,3,2,2174,1514,660,0.607,2510
60,54,5,3,3,3398,2341,1057,0.714,1169
35,36,3,2,4,4319,1151,3168,0.594,1852
46,40,6,3,3,3673,2292,1381,0.637,1257
47,39,5,2,2,1815,740,1075,1.124,1931
53,45,5,1,3,2495,1354,1141,0.623,1311
55,36,3,2,4,34516,2102,32414,0.912,1612
50,43,3,1,3,3368,844,2524,0.838,2022
38,28,3,2,2,7225,0,7225,0.419,738
39,30,5,3,4,5202,815,4387,1.108,1558
39,29,6,2,4,1923,845,1078,0.587,1670
39,36,4,2,3,6929,1691,5238,0.534,1388
49,44,3,3,2,4364,1507,2857,1.05,1392
45,38,3,3,2,2400,1613,787,0.629,1311
55,36,3,2,3,25878,1733,24145,0.438,1777
44,24,4,1,4,11876,1926,9950,0.51,1367
49,39,3,1,4,4568,0,4568,0.979,1431
41,31,4,2,2,4740,1348,3392,0.472,1406
49,42,6,1,4,4949,1495,3454,0.791,3597
45,36,3,3,4,11189,2517,8672,2.041,2959
44,31,4,3,4,34516,1197,33319,0.669,1594
65,55,3,2,2,6099,2175,3924,0.582,1319
35,27,3,2,3,3575,1884,1691,0.384,861
26,36,5,2,3,3184,1421,1763,0.712,2253
38,24,4,3,2,13363,1230,12133,0.688,1815
65,36,5,2,3,2163,932,1231,1.127,2229
58,54,5,1,4,3452,2088,1364,0.768,1008
47,41,6,2,2,4466,777,3689,1.02,1757
33,25,4,1,4,3030,2517,513,0.785,1805
54,39,3,1,3,2112,1594,518,1.204,1338
35,18,5,1,2,7583,1619,5964,1.468,2229
47,27,5,3,4,11760,2306,9454,0.616,1498
35,17,3,3,2,2259,1776,483,1.292,1790
48,36,6,2,4,19762,507,19255,0.85,2793
36,17,5,2,4,2803,1848,955,0.614,1968
44,36,3,3,2,25666,756,24910,0.69,4088
44,24,5,1,4,9297,1668,7629,0.521,1264
36,25,5,1,2,2999,1247,1752,0.962,2017
64,56,3,2,2,4234,1893,2341,0.585,1439
34,28,4,3,2,15987,0,15987,1.494,2327
49,33,5,5,3,16435,0,16435,0.676,1721
37,24,3,1,4,5335,2145,3190,0.879,1888
65,53,3,3,3,3506,1604,1902,0.574,1953
53,36,5,1,2,3610,1629,1981,0.821,1652
32,28,5,1,2,3172,2055,1117,0.663,1939
44,34,6,2,3,8206,763,7443,0.87,1715
65,46,3,2,2,2416,1499,917,0.905,2372
60,41,3,2,4,2458,1880,578,0.759,1238
27,36,6,1,2,1677,1598,79,0.994,2389
52,45,4,1,4,11819,929,10890,0.773,2431
42,37,5,1,2,34516,1797,32719,1.314,1534
29,36,3,3,4,1459,590,869,1.164,2229
29,13,4,1,4,1458,671,787,1.583,2449
38,32,3,2,2,1438.3,0,1438.3,0.846,1999
36,18,3,1,3,7758,1408,6350,0.365,569
40,30,4,2,2,10836,1932,8904,0.563,1293
47,36,5,3,3,5062,1996,3066,0.591,1314
36,30,6,2,2,3399,2173,1226,0.795,1571
26,36,5,2,2,2212,1670,542,0.777,2520
43,36,6,1,4,3186,2470,716,0.58,1531
52,32,3,1,3,5927,2320,3607,0.544,1558
49,34,4,1,4,5176,0,5176,0.838,1902
50,37,3,1,3,3126,0,3126,0.824,1388
34,21,6,4,2,4670,0,4670,0.883,2256
53,36,4,3,3,2162,1592,570,0.547,1736
49,42,4,1,2,10155,1805,8350,0.673,1685
53,46,4,2,3,15242,1170,14072,0.496,1876
48,36,4,3,2,34516,2517,31999,0.697,1699
32,17,5,1,2,1438.3,1228,210.3,1.132,2580
38,36,6,1,3,34516,1140,33376,0.815,1445
43,32,4,1,3,16043,2036,14007,0.7,1394
51,44,6,3,2,3181,2517,664,0.595,818
58,47,3,1,2,27088,0,27088,0.581,1135
59,36,5,3,4,5688,914,4774,1.099,1824
51,38,5,2,3,10462,1824,8638,0.736,1267
62,53,2,1,1,5249,0,5249,0.758,1315
38,36,3,3,2,5155,684,4471,0.588,1555
33,16,6,1,3,10705,1352,9353,1.171,2434
54,47,3,1,2,16494,1348,15146,0.759,1302
37,30,5,3,4,6469,2351,4118,1.018,1717
30,23,3,3,2,5146,1773,3373,0.879,1509
61,50,4,1,3,2800,2448,352,0.549,1433
49,36,6,1,2,5159,1532,3627,0.787,1826
56,46,5,2,4,5248,1816,3432,0.696,2305
51,46,5,3,2,5881,2005,3876,0.659,1931
44,36,6,3,3,1467,896,571,0.692,1731
64,52,6,2,2,4999,2299,2700,0.716,1601
46,36,5,2,2,4668,0,4668,0.89,1612
39,36,4,3,4,1438.3,0,1438.3,0.7,1338
38,27,6,3,4,8638,0,8638,0.489,1295
53,45,5,1,3,9343,1286,8057,0.712,1385
35,21,3,1,3,2256,775,1481,0.879,1749
26,15,5,1,2,8267,1720,6547,0.633,1917
32,20,6,3,4,2235,1638,597,0.912,2905
36,16,5,3,2,3735,2027,1708,0.79,1672
48,38,2,2,3,2111,0,2111,0.531,773
55,36,5,2,2,10604,1988,8616,0.644,1578
52,42,5,3,2,21782,1006,20776,0.654,1537
52,36,6,3,3,2133,1469,664,0.831,1426
58,47,5,2,4,16677,1590,15087,0.885,1410
38,36,6,3,4,2717,1591,1126,1.596,2064
60,48,5,3,3,3980,930,3050,0.72,4449
55,36,3,2,2,8411,979,7432,1.029,990
43,36,3,2,4,2227,1394,833,1.481,1972
35,29,5,3,2,34516,1872,32644,1.068,2227
38,36,4,3,3,1860,0,1860,0.992,1731
48,35,5,1,3,2829,2342,487,0.991,1561
38,36,3,2,3,3764,0,3764,0.583,1572
43,23,6,2,2,4559,1664,2895,0.871,1652
36,25,5,3,4,4701,1492,3209,0.805,1679
34,22,4,2,4,1631,0,1631,1.893,2962
39,36,4,3,4,8096,1474,6622,0.789,1794
43,29,5,1,2,2304,1589,715,0.872,1273
48,36,3,3,2,5210,0,5210,0.531,1309
44,38,5,2,3,5452,2091,3361,0.813,1347
38,31,6,3,3,7475,1473,6002,0.775,1592
62,56,5,3,3,2359,1242,1117,1.043,2021
30,25,5,2,2,4237,1676,2561,0.786,2465
39,33,6,6,4,18582,794,17788,0.717,1836
53,37,3,2,4,7202,974,6228,0.517,1397
64,56,4,2,4,1438.3,0,1438.3,0.693,1417
51,34,3,1,2,11221,1279,9942,1.116,1564
32,26,6,3,4,18889,1880,17009,0.702,2979
52,48,4,3,3,2066,1601,465,0.742,1578
43,31,6,2,4,34516,1075,33441,0.727,3015
40,27,6,1,2,2742,1416,1326,0.761,1539
54,36,4,1,4,20050,1225,18825,0.907,1306
34,30,4,1,3,3046,2279,767,0.611,2330
33,25,6,3,4,6193,695,5498,0.632,2456
36,28,5,3,3,5634,1996,3638,1.589,2366
65,50,6,2,4,4507,1574,2933,0.744,1793
43,33,5,2,3,3040,2517,523,0.493,1598
53,33,4,3,3,21006,1905,19101,0.701,1856
48,38,3,3,4,7326,1710,5616,1.171,1852
39,36,6,1,3,3651,0,3651,0.977,862
57,47,4,1,3,3416,2468,948,0.598,1536
51,36,3,3,2,3664,0,3664,0.839,1168
48,42,6,1,3,6085,930,5155,1.307,3154
51,38,5,3,2,22332,1748,20584,0.841,1318
26,13,4,2,4,2063,1390,673,0.877,2602
38,32,5,3,3,4429,0,4429,1.065,1970
35,26,6,3,2,3991,1982,2009,0.748,1661
46,36,5,1,4,2201,651,1550,0.825,3165
48,36,4,3,2,2852,736,2116,0.386,1382
49,37,6,3,3,9723,2459,7264,0.444,1258
35,27,6,2,3,5325,1318,4007,1.045,1814
65,56,3,2,4,7427,1303,6124,0.61,1596
53,36,6,3,3,5619,1310,4309,1.276,1816
54,44,3,1,3,5413,1836,3577,0.766,1164
64,36,3,1,3,7646,1010,6636,0.421,1667
39,30,3,3,2,2420,1422,998,0.731,1362
50,30,3,4,2,4252,0,4252,0.478,1598
54,49,5,2,4,2031,1069,962,0.87,1943
38,28,4,1,2,6861,1598,5263,2.103,2228
39,28,4,2,4,3327,0,3327,1.089,1665
53,41,5,1,3,2885,1433,1452,1.017,1170
53,41,4,3,3,7272,2037,5235,0.795,2333
32,36,5,3,4,34516,0,34516,0.845,2305
57,47,5,3,3,2515,1922,593,1.181,2231
65,36,3,2,2,2798,1806,992,0.765,1543
57,53,5,2,4,34516,2099,32417,0.629,1233
65,56,6,1,2,1438.3,680,758.3,0.512,2283
65,56,4,2,4,12609,2517,10092,0.833,2121
55,50,4,2,4,19159,2108,17051,0.69,1813
54,42,4,1,4,9642,2517,7125,0.614,1401
44,37,5,3,3,8396,1672,6724,0.602,1475
58,50,5,3,2,6978,1148,5830,1.645,1362
53,47,3,3,4,2459,1733,726,1.216,2309
33,24,5,2,2,12956,0,12956,1.053,2492
47,39,3,3,4,7128,1560,5568,0.573,1468
51,41,6,2,2,18749,1314,17435,0.711,1381
38,18,6,3,2,2193,1260,933,0.886,1799
57,50,3,2,3,4522,1861,2661,0.957,1806
36,28,3,1,4,2157,574,1583,0.825,1663
35,25,3,1,2,11927,675,11252,0.574,1986
55,50,6,1,4,11341,0,11341,0.412,1731
57,47,4,3,3,7345,1814,5531,0.472,1390
56,51,3,3,4,6036,1409,4627,0.56,1741
38,27,6,1,3,2096,1567,529,0.778,1559
54,49,4,1,3,1906,1271,635,0.574,1343
48,35,5,2,4,5039,0,5039,0.757,1390
53,42,2,1,2,6214,1147,5067,0.861,938
30,17,3,1,3,1512,810,702,1.294,2558
47,38,4,3,4,34516,733,33783,1.229,3018
60,53,4,3,3,3346,922,2424,0.913,1276
54,49,3,2,3,34516,0,34516,1.203,2115
37,28,5,2,4,6660,1362,5298,1.36,2660
32,20,5,2,3,2234,1865,369,0.732,2115
44,33,5,4,2,9671,704,8967,0.699,2955
53,47,5,3,2,6605,1479,5126,0.739,2017
43,33,4,3,2,3083,1898,1185,1.042,1448
49,31,5,1,2,5456,951,4505,0.737,1096
38,14,4,1,2,4394,0,4394,0.889,1538
56,44,5,1,4,4088,1557,2531,1.248,2250
26,36,5,3,3,3930,0,3930,0.758,2067
58,46,3,2,4,4188,1147,3041,1.042,1276
33,22,3,3,0,3637,1998,1639,1.412,2161
35,28,4,2,2,11521,1147,10374,1.023,2260
37,32,6,2,2,2253,1667,586,0.884,1641
27,13,6,2,4,2339,2080,259,1.067,2294
43,37,6,1,2,30503,2517,27986,0.462,1860
49,36,5,3,2,4596,0,4596,0.93,2872
49,43,1,3,3,5701,2517,3184,0.716,961
39,32,5,6,3,3221,0,3221,0.678,1765
41,29,5,3,3,3022,1142,1880,0.403,1184
32,36,5,2,4,2699,1609,1090,0.893,2141
58,39,3,3,3,2210,1624,586,0.627,1287
56,49,5,3,4,1438.3,0,1438.3,0.77,1446
37,36,3,3,4,2041,1687,354,0.677,1555
39,34,4,2,2,3250,1698,1552,0.767,2006
26,13,6,3,4,1643,1101,542,0.713,2152
31,36,4,3,2,34516,0,34516,0.791,2183
46,34,4,3,3,29543,1164,28379,0.717,1015
36,29,6,3,2,3158,0,3158,1.209,2973
39,36,6,2,3,2899,1999,900,0.832,1687
53,36,4,1,3,2972,2160,812,0.956,2552
38,23,6,2,2,5645,0,5645,1.05,1527
37,36,6,3,2,2463,1751,712,0.854,2171
47,41,5,3,4,1438.3,0,1438.3,0.8,1501
56,36,3,3,3,34516,1477,33039,1.234,2395
55,48,6,2,2,2897,1601,1296,0.878,1337
31,36,4,2,0,5391,0,5391,1.075,1971
62,36,5,2,4,2870,2284,586,0.661,3946
34,25,3,2,4,23959,2517,21442,0.926,1870
33,25,5,2,2,14918,2028,12890,1.342,2171
38,29,3,3,2,3590,1924,1666,0.573,1472
65,56,3,3,2,2297,0,2297,0.511,1941
57,53,3,2,4,25058,1710,23348,0.613,2053
58,36,3,2,2,7418,396,7022,0.826,911
60,49,4,3,2,3012,0,3012,0.538,1315
39,24,3,1,4,4562,1721,2841,0.896,1896
39,27,6,2,2,10723,1529,9194,1.426,2938
39,36,6,2,3,1578,760,818,0.709,2017
60,49,4,2,4,2094,1560,534,0.537,1969
37,19,5,1,3,4138,0,4138,1.168,2420
41,30,3,1,2,5417,1904,3513,0.496,1768
56,36,6,3,3,34516,1047,33469,0.61,1378
60,54,6,1,2,9592,1968,7624,0.61,1821
56,36,3,1,3,8881,2145,6736,0.705,2027
62,54,3,3,4,1438.3,0,1438.3,0.795,1843
41,33,3,3,3,3893,1157,2736,1.169,1536
44,38,5,2,4,3242,799,2443,0.459,1424
59,53,3,3,3,6035,1392,4643,0.361,1551
55,36,6,3,2,17642,1846,15796,0.72,2148
26,15,6,3,3,4327,0,4327,0.624,2344
40,22,3,1,3,34516,0,34516,0.64,1028
44,32,5,1,3,4852,1777,3075,0.667,1775
37,28,5,3,3,7147,1424,5723,0.821,2539
37,27,6,3,3,10320,1799,8521,0.75,1754
65,49,4,2,2,3297,2297,1000,0.744,1894
46,36,5,2,2,9981,807,9174,0.655,1456
53,36,5,3,3,3329,1092,2237,1.466,1978
56,36,6,3,4,5991,1993,3998,0.673,1867
48,30,3,1,3,3235,2517,718,1.091,1637
34,21,3,3,3,6259,1063,5196,0.668,1836
65,56,6,3,2,2541,1616,925,0.417,1416
55,43,6,2,4,21351,2517,18834,0.818,1887
32,36,3,2,4,8998,1471,7527,0.844,1931
58,42,3,3,4,10247,1600,8647,0.63,1754
54,42,6,3,2,20311,1655,18656,0.431,1266
52,33,6,1,4,33182,1997,31185,0.755,1630
36,16,4,5,4,1686,1252,434,0.575,1758
56,36,2,2,3,4742,855,3887,0.635,870
33,36,5,1,3,1726,1215,511,1.175,1712
61,56,4,2,4,8420,1389,7031,0.522,1114
61,49,4,3,4,3352,1713,1639,0.657,1952
43,39,5,2,2,6648,2242,4406,0.79,2089
48,36,4,3,3,2335,1845,490,0.537,1362
36,27,4,3,2,12397,1001,11396,0.756,1888
34,26,5,1,4,1438.3,708,730.3,1.212,2243
53,46,3,6,4,2240,1601,639,0.833,3795
43,33,4,3,4,5330,1161,4169,0.558,1441
61,51,3,3,3,1795,794,1001,0.953,1834
55,47,3,1,4,5741,1894,3847,1.111,2170
51,39,4,3,3,2002,1248,754,0.502,1585
38,19,6,3,2,25662,1515,24147,0.556,1484
52,36,3,1,4,22103,1515,20588,0.506,1541
36,17,3,1,3,1438.3,0,1438.3,1.028,1975
45,30,5,2,2,12355,0,12355,0.912,1044
34,29,4,1,2,2000,0,2000,0.782,1944
27,17,6,2,2,8713,1354,7359,0.558,2094
49,36,4,1,4,9165,0,9165,0.597,1846
43,31,5,1,2,11583,631,10952,0.714,3320
52,32,4,3,3,1438.3,702,736.3,0.805,1805
31,20,3,1,2,8149,0,8149,0.331,808
40,29,3,2,3,3616,1151,2465,0.687,820
39,31,6,2,4,8434,2222,6212,0.691,1414
45,25,3,3,2,9791,1311,8480,0.704,1649
37,24,5,2,3,8444,1945,6499,0.703,2497
49,43,3,1,4,2228,1003,1225,1.119,2104
56,36,5,1,1,12211,0,12211,0.642,903
62,51,6,3,4,1438.3,0,1438.3,0.702,1445
37,31,5,3,3,1586,1038,548,0.973,1724
42,37,3,3,3,2247,1045,1202,0.952,1300
36,30,3,4,3,2789,1584,1205,0.996,2688
59,53,3,2,3,4241,0,4241,0.607,1798
40,29,5,1,3,8398,1892,6506,0.861,1489
43,36,6,3,3,4112,768,3344,0.413,1334
29,22,6,2,3,15578,1383,14195,0.794,2492
42,36,6,2,2,4008,1636,2372,0.637,1395
63,50,6,1,3,12766,0,12766,0.668,1191
36,24,5,2,4,3438,1129,2309,0.605,2331
53,43,3,1,2,16692,2446,14246,0.853,1288
36,36,4,2,2,4066,1639,2427,1.749,3040
36,30,5,2,3,13080,0,13080,0.685,1999
26,36,4,1,2,1934,1070,864,0.448,2334
45,36,6,2,3,3230,2517,713,0.615,1931
55,36,6,2,4,3615,1699,1916,0.576,1967
61,36,4,2,2,1801,0,1801,1.234,3193
26,36,4,3,4,2665,1567,1098,0.586,2514
40,25,5,3,2,28822,2517,26305,0.492,1504
38,24,6,3,2,14632,1158,13474,0.501,1399
32,36,5,3,3,6715,1314,5401,0.987,1731
53,46,3,2,3,6658,1761,4897,0.489,1309
52,44,6,2,3,3360,1219,2141,0.412,1309
29,14,5,3,2,14853,0,14853,1.025,1800
38,25,3,3,4,4800,1212,3588,1.254,2935
27,17,5,1,2,4610,0,4610,0.794,2280
46,36,3,3,4,1438.3,981,457.3,0.663,1114
57,42,6,4,3,8377,1211,7166,0.813,1797
42,30,4,5,4,4147,1719,2428,0.875,1776
62,55,6,1,4,2644,2207,437,0.866,1194
37,30,5,3,4,13355,1631,11724,1.113,1921
57,36,5,2,2,3251,1887,1364,1.007,3228
35,36,5,3,4,2100,950,1150,0.764,2623
55,50,5,3,4,3566,1401,2165,0.903,2425
56,49,5,1,3,14915,1111,13804,0.846,1388
39,27,3,1,4,13003,0,13003,0.877,1697
64,55,5,3,4,2492,1424,1068,0.485,1375
37,31,5,2,3,1758,1180,578,0.744,2013
34,23,3,2,2,5510,1604,3906,0.551,1995
46,36,3,1,2,17196,1646,15550,0.542,1466
65,46,6,1,3,5877,1697,4180,1.058,2494
36,31,5,1,2,7667,0,7667,0.632,1501
35,24,4,1,3,2939,1865,1074,0.932,2077
49,31,6,1,4,5898,1348,4550,0.64,1002
46,33,5,3,4,19995,0,19995,0.65,1879
26,36,6,1,4,2773,2080,693,0.695,3567
52,44,4,2,4,3323,2310,1013,0.749,1599
38,28,5,3,3,16049,799,15250,0.777,1989
37,28,3,4,2,3601,1236,2365,0.726,1802
33,25,3,2,2,2307,1385,922,1.515,2440
59,36,4,3,3,3742,1175,2567,0.514,1505
34,29,6,3,3,2937,869,2068,1.493,2171
39,26,6,1,4,3209,2517,692,0.431,1292
59,53,6,1,4,12554,2169,10385,0.529,1422
50,34,6,3,4,4702,0,4702,0.578,1673
26,14,4,2,4,5645,2324,3321,0.655,2482
32,13,3,3,4,14308,1889,12419,1.053,1659
51,46,3,1,3,4882,695,4187,0.508,1544
41,29,3,3,3,33405,0,33405,0.535,1345
39,27,3,1,2,2700,2220,480,1.595,2901
49,37,5,1,4,2934,2381,553,0.762,3396
30,14,3,2,3,1548,0,1548,0.828,2611
40,36,5,2,2,5525,2409,3116,0.929,2305
36,36,5,2,4,5750,1521,4229,0.837,2155
56,36,6,3,2,27157,1547,25610,0.487,1535
37,36,5,2,4,12830,0,12830,0.774,2526
51,41,3,1,3,5530,1999,3531,1.018,1766
36,30,6,2,3,2684,1474,1210,1.042,2346
62,49,3,1,2,2437,1400,1037,0.779,1651
31,24,3,2,4,3827,1397,2430,0.88,2491
42,35,5,2,2,34516,1658,32858,1.095,2935
38,33,6,3,4,5940,1101,4839,0.942,1872
45,32,2,3,2,13162,0,13162,0.512,1424
50,37,3,2,4,1963,1357,606,0.689,1861
58,54,4,3,3,18713,1022,17691,0.682,1524
35,22,3,1,4,3023,1435,1588,0.62,1920
58,53,4,1,2,6103,1798,4305,0.705,1468
42,34,3,3,3,10607,2517,8090,1.197,1903
32,24,3,3,4,2917,2517,400,0.833,2471
35,30,4,3,4,34516,1018,33498,1.129,2350
51,42,6,2,2,25197,2517,22680,0.721,3002
63,36,5,2,4,2743,1815,928,0.567,1210
42,32,5,2,4,4111,1233,2878,0.478,1289
36,18,5,3,2,3667,948,2719,0.641,2781
42,33,4,2,4,3178,1800,1378,0.89,4605
37,22,2,3,2,5674,0,5674,0.906,1096
38,36,5,3,4,11444,1278,10166,1.31,2493
29,36,3,1,3,1438.3,0,1438.3,0.742,2144
54,34,4,3,4,6387,1597,4790,0.689,1294
33,20,4,3,3,5657,1792,3865,0.904,1914
63,54,5,3,2,11827,0,11827,0.921,1395
49,37,5,3,3,2608,1589,1019,0.982,2073
44,37,4,5,4,3203,2076,1127,0.543,1433
33,36,3,1,3,34516,1540,32976,1.038,2574
57,38,5,3,3,2472,2457,15,0.693,1392
52,43,4,3,3,2147,1173,974,0.653,1352
52,44,4,1,3,3416,2044,1372,0.994,1924
39,36,5,2,4,8058,791,7267,1.787,2742
50,43,5,1,2,3410,2281,1129,0.518,1296
43,37,5,2,3,19044,0,19044,0.721,1780
36,30,4,2,4,1606,798,808,0.59,2229
55,36,4,2,2,24336,856,23480,0.459,1425
30,20,5,2,3,5030,1327,3703,0.803,2523
36,24,6,3,2,24577,0,24577,0.75,1897
26,13,6,3,4,3517,1195,2322,0.556,2255
48,36,3,2,3,7400,636,6764,0.972,1568
53,36,6,2,4,2956,1391,1565,0.698,2116
42,30,3,1,4,3578,0,3578,0.759,1015
53,36,1,3,2,12778,507,12271,0.967,1133
58,45,3,3,4,1942,1536,406,0.615,1371
32,26,5,1,3,29961,789,29172,0.833,2337
48,35,5,3,4,33791,0,33791,0.712,1546
48,34,5,0,2,17657,2018,15639,0.55,1682
54,44,4,3,2,2821,2415,406,0.441,1419
59,47,6,3,4,1479,787,692,0.865,2139
35,36,3,3,2,1438.3,0,1438.3,1.623,2492
37,27,5,1,4,6859,1766,5093,1.186,3045
36,36,3,2,3,3404,1568,1836,1.055,2406
26,15,4,1,3,2158,1695,463,0.766,1833
35,22,1,2,1,1890,666,1224,0.691,1483
40,36,6,3,4,18386,890,17496,0.361,1698
55,36,5,5,4,3602,2013,1589,0.839,1935
39,34,6,1,3,3766,1049,2717,0.666,1514
39,32,4,2,4,5634,2057,3577,1.399,2905
46,29,4,2,4,3126,2517,609,1.235,1638
49,42,6,1,2,3017,786,2231,1.081,1640
32,26,6,2,3,5478,1491,3987,1.304,2456
35,20,6,3,4,13046,1177,11869,1.214,2601
39,31,5,3,2,8687,1146,7541,1.8,2279
53,40,6,2,4,6174,1421,4753,0.669,2043
26,13,5,1,2,5655,0,5655,0.842,2312
32,26,5,2,3,5397,1784,3613,0.904,2056
54,46,6,1,2,28465,0,28465,0.696,1693
36,27,4,2,4,3444,2441,1003,1.563,2668
45,37,4,1,3,2104,1267,837,0.677,1732
49,37,4,1,4,15610,2048,13562,0.657,1916
44,32,3,2,3,34516,1356,33160,1.169,1531
32,22,3,1,4,16912,1590,15322,1.274,2413
64,53,4,1,3,5462,1864,3598,0.67,1523
37,27,5,1,2,2868,1434,1434,0.777,2909
31,22,5,1,3,2685,1580,1105,0.727,1642
49,36,5,1,2,5238,1365,3873,1.027,1834
32,22,4,2,4,4561,2029,2532,0.768,1874
53,39,3,2,3,13091,985,12106,0.322,1452
62,51,3,3,3,10826,1274,9552,0.602,1355
26,13,4,2,2,2600,1876,724,0.606,2625
49,35,6,3,4,2561,0,2561,1.021,2047
30,36,3,2,2,7087,1060,6027,0.709,1712
34,36,6,3,2,34516,2517,31999,0.975,1969
41,32,3,2,4,10266,1390,8876,0.593,1720
27,36,3,3,3,1553,723,830,0.666,1954
33,23,4,2,4,6732,0,6732,0.856,1644
56,37,3,1,2,12181,1702,10479,0.834,1478
36,27,3,1,2,7056,0,7056,0.815,1739
35,25,6,1,2,14365,0,14365,0.61,2290
27,36,3,2,4,11473,829,10644,0.707,2147
46,38,5,2,4,23996,2517,21479,0.488,1339
48,33,4,2,4,2998,1789,1209,0.807,1825
54,36,6,2,2,30011,1232,28779,0.944,1676
38,31,6,3,3,2405,1553,852,1.156,2503
36,26,3,4,2,21927,1291,20636,0.864,1946
56,36,4,1,2,3906,1851,2055,0.73,1839
32,27,5,3,3,10029,606,9423,0.727,2192
36,30,3,3,4,4934,1504,3430,1.52,2747
35,15,5,2,2,13882,1452,12430,0.771,2685
26,13,6,3,2,2347,0,2347,0.863,2595
32,24,4,2,2,4116,1223,2893,0.73,1657
56,36,4,1,2,13904,625,13279,0.673,3151
54,43,4,2,4,32558,2016,30542,0.506,1440
54,44,4,1,2,12902,1860,11042,0.492,1273
37,36,4,1,4,2509,1144,1365,0.692,1804
38,22,3,3,3,2484,2149,335,0.669,1200
35,36,5,1,3,2780,0,2780,0.565,2469
39,34,6,2,4,5219,1826,3393,1.011,1715
48,36,6,3,4,18102,1381,16721,0.513,1486
29,18,4,3,4,4532,0,4532,0.734,1885
33,28,4,2,2,22399,1431,20968,1.019,2390
39,34,6,5,3,4489,2498,1991,0.779,2153
35,25,4,1,4,10329,514,9815,0.708,2461
43,36,4,2,3,2637,1272,1365,0.728,1569
27,22,4,1,2,1864,1384,480,0.904,1662
52,47,6,3,3,13276,1917,11359,1.075,1901
31,25,5,3,3,1935,1033,902,0.623,2498
45,37,5,2,4,6784,891,5893,1.047,1900
35,36,4,2,4,19127,1880,17247,0.788,1859
55,37,5,2,3,32641,1551,31090,0.488,1327
61,47,5,3,4,1438.3,847,591.3,0.436,1397
37,31,5,2,2,2417,1929,488,0.886,1773
38,34,4,1,3,19259,2266,16993,0.92,1388
54,50,6,2,2,3796,2396,1400,0.569,2069
40,22,6,1,4,4042,1744,2298,0.582,1471
47,34,3,1,2,17603,1063,16540,1.065,2902
55,46,6,1,4,2894,2077,817,0.574,1017
37,26,2,1,2,16730,1956,14774,0.675,1740
36,27,6,3,2,3282,1843,1439,0.625,2614
53,41,4,2,2,15815,1217,14598,1.266,2135
26,21,6,2,3,1672,957,715,0.576,2099
45,36,4,3,3,8121,1595,6526,0.743,1914
36,26,4,1,4,3182,2435,747,0.868,1670
60,49,5,1,4,3182,1928,1254,0.509,1233
30,36,6,2,4,5061,0,5061,0.911,1309
39,28,5,3,3,6224,1898,4326,1.103,3014
33,36,6,1,3,2735,1769,966,1.465,3306
48,36,6,1,4,2464,1867,597,0.6,1219
39,33,4,3,2,3477,1875,1602,0.907,1897
38,24,5,2,2,3242,2076,1166,0.612,1841
47,41,3,1,4,27858,1314,26544,0.676,1772
26,20,6,2,3,1438.3,495,943.3,1.062,2546
49,36,5,2,4,34516,0,34516,0.646,1793
38,22,4,2,3,6361,694,5667,0.844,1499
30,21,6,6,2,2490,0,2490,0.859,1645
53,44,5,6,4,14057,1655,12402,0.676,2073
49,38,4,1,2,2461,1586,875,1.676,1729
35,21,4,3,3,7766,1278,6488,0.806,2423
40,33,4,1,3,21308,564,20744,0.448,1322
30,36,5,2,4,4516,2252,2264,0.889,1819
42,30,6,3,2,5424,1812,3612,0.513,1634
62,36,3,2,2,1764,1540,224,0.937,2094
50,46,1,3,3,1493,932,561,0.466,1554
56,43,6,2,2,17539,2517,15022,0.743,1220
45,36,6,2,3,34516,0,34516,0.534,3530
35,25,4,1,2,2149,1118,1031,0.903,1581
57,44,3,4,4,6256,1530,4726,0.647,1629
33,25,5,1,4,11922,792,11130,0.667,2154
43,38,5,2,4,4075,1986,2089,1.214,2449
53,36,5,1,4,7290,2151,5139,0.583,1312
50,36,5,3,2,5965,688,5277,0.673,3382
30,13,3,1,4,9007,1965,7042,0.698,1925
37,36,3,2,3,6077,1397,4680,0.834,2837
37,29,3,3,2,1808,1009,799,0.796,1744
45,36,6,1,3,12810,0,12810,1.363,3174
58,45,3,1,3,3421,2517,904,0.992,992
63,53,6,1,4,3118,1528,1590,0.604,1291
43,37,4,3,4,20013,922,19091,0.655,1518
26,13,4,1,2,4395,1240,3155,0.662,2272
37,32,6,3,3,9661,0,9661,0.926,2825
53,44,3,2,4,1973,1324,649,0.805,1587
55,49,3,2,4,9926,2018,7908,0.618,2235
36,36,6,3,3,4108,1659,2449,1.202,2275
51,36,5,1,4,20741,2504,18237,0.8,1818
36,24,6,1,2,16335,892,15443,0.673,2733
35,17,5,3,3,4588,2517,2071,1.525,2442
34,24,5,3,3,5712,1955,3757,0.969,2617
57,36,3,1,2,5335,1206,4129,0.69,1844
54,49,6,2,3,13184,0,13184,1.166,2047
29,20,5,2,3,8592,1201,7391,0.778,1842
37,26,5,3,2,1910,1164,746,0.744,2028
53,45,6,3,3,6210,1083,5127,0.621,3095
36,31,6,2,4,2220,1337,883,0.768,1685
49,41,4,2,2,20756,1710,19046,0.816,1502
64,55,6,3,2,2895,2517,378,0.322,1541
53,36,4,3,2,3539,2517,1022,0.569,1677
52,44,6,1,4,9274,2097,7177,0.776,2048
35,26,6,1,3,3187,2517,670,1.214,2072
37,24,2,1,4,2802,2460,342,1.029,1406
50,36,4,3,3,2334,707,1627,0.561,1386
65,56,5,3,3,1438.3,0,1438.3,0.76,2249
53,44,3,2,4,3519,0,3519,0.548,1670
53,48,3,2,3,3088,2083,1005,0.633,1561
40,36,6,3,0,34516,1002,33514,1.345,2579
39,31,3,1,4,11906,2032,9874,0.465,1642
53,36,4,2,4,11098,821,10277,0.896,2156
36,22,6,3,4,2224,1772,452,0.81,2004
35,36,4,3,4,3454,1603,1851,1.078,1575
37,36,4,2,2,5723,1873,3850,0.851,2732
36,36,4,2,3,9239,1421,7818,0.823,2246
39,24,4,3,2,4061,1775,2286,0.686,1602
65,56,5,3,2,4189,0,4189,0.715,1597
45,32,4,1,3,6373,1562,4811,0.573,3483
38,33,5,2,3,2228,1717,511,1.625,2334
36,24,3,2,2,3261,2517,744,0.378,856
40,24,3,3,2,8014,1402,6612,0.873,1596
35,29,6,1,3,10980,1726,9254,0.856,1830
54,42,6,3,4,3092,2165,927,0.676,1369
40,29,5,1,2,14315,690,13625,1.32,2603
59,46,3,3,3,1648,997,651,0.776,1776
26,13,2,2,4,1730,1616,114,0.331,869
46,35,6,3,3,13768,763,13005,0.712,1390
29,19,3,3,4,1709,1465,244,0.558,1757
38,19,5,2,3,1705,0,1705,0.604,3342
31,25,6,1,2,8673,0,8673,0.876,2457
35,21,5,2,2,6391,2317,4074,0.831,2274
56,45,4,2,2,11102,1946,9156,0.625,1448
34,28,3,1,3,24765,1999,22766,1.013,1544
42,27,5,3,4,31864,0,31864,1.009,1591
29,36,5,3,2,5346,0,5346,0.928,3253
32,21,6,2,3,2801,1472,1329,1.027,2467
37,27,6,6,2,3148,0,3148,0.498,1401
36,36,6,5,3,2786,1628,1158,1.314,2853
37,24,3,1,2,11894,816,11078,1.561,2438
38,29,5,3,3,7535,2517,5018,0.813,1655
52,35,4,4,3,33180,511,32669,0.681,797
62,51,6,2,4,2986,1632,1354,0.883,2141
35,23,4,2,2,6729,2375,4354,0.579,2080
36,36,3,3,4,2601,1817,784,0.663,2542
54,45,4,3,0,3380,1655,1725,0.636,1636
27,18,5,2,2,2730,1351,1379,0.623,2319
26,15,3,1,3,3324,0,3324,0.537,982
56,45,4,3,3,2665,1844,821,0.554,1880
60,47,4,3,2,5015,2053,2962,0.442,1325
54,36,4,3,3,6905,2303,4602,0.712,1370
48,41,5,2,2,5848,950,4898,0.726,1961
33,26,4,3,4,19136,1608,17528,0.728,2501
64,55,4,3,4,3500,1904,1596,1.182,2003
35,24,5,1,3,7453,0,7453,0.712,1691
54,43,4,3,3,6266,1819,4447,0.744,1456
29,23,4,3,4,4945,0,4945,1.033,2743
33,21,2,2,4,27992,0,27992,0.433,837
34,36,6,2,3,3735,1285,2450,1.034,1877
48,36,3,3,2,6703,1252,5451,0.625,1843
38,27,4,1,4,6162,943,5219,0.484,1527
42,36,4,4,3,3337,795,2542,0.524,3951
55,36,3,3,3,2205,1337,868,0.65,1591
62,43,5,1,3,4450,1444,3006,0.465,1326
33,28,4,2,4,1438.3,0,1438.3,0.916,2914
38,18,6,1,2,2172,1475,697,1.158,2447
39,29,4,2,2,4323,1267,3056,1.102,3078
56,45,5,1,3,4145,1468,2677,0.579,1238
36,18,6,3,3,2032,1003,1029,1.005,2454
29,19,5,3,3,7010,2103,4907,1.007,2413
57,50,3,3,2,3205,1530,1675,0.673,2126
55,36,3,2,3,16547,1521,15026,0.555,1782
51,45,3,2,4,5930,0,5930,1.19,2041
57,39,4,1,2,7469,1752,5717,0.923,2050
56,45,6,2,3,2235,0,2235,0.556,1229
26,13,5,2,2,2047,1196,851,0.623,2180
36,21,3,1,2,34516,907,33609,0.572,2298
53,44,3,3,4,2636,2357,279,0.654,1333
41,32,3,3,2,6425,915,5510,0.958,2036
26,13,5,3,2,2902,1668,1234,0.621,2088
51,42,3,2,3,4002,1669,2333,0.702,2024
34,26,4,3,3,5175,977,4198,1.705,2405
65,48,4,2,4,4599,637,3962,0.622,2608
52,43,4,3,4,31258,1518,29740,0.917,2866
54,45,5,2,4,2683,1671,1012,0.784,1406
37,30,3,4,3,11638,926,10712,0.262,563
40,20,3,1,3,1829,1140,689,0.325,1610
55,36,3,1,3,8276,1671,6605,0.359,1409
45,34,4,3,3,23539,1261,22278,0.484,1485
37,31,5,3,3,2352,0,2352,1.467,2344
30,36,6,1,2,11371,1015,10356,1.483,2768
55,36,6,6,2,2857,2517,340,0.871,1869
36,27,5,2,4,34516,1568,32948,0.878,2873
39,35,5,3,4,6690,1884,4806,0.791,1734
34,28,5,1,4,4439,844,3595,0.863,2858
47,36,4,3,2,5344,1582,3762,0.537,1984
42,37,6,3,3,27310,0,27310,0.919,1537
61,50,6,2,4,2531,2360,171,0.955,1263
31,22,4,1,3,9096,0,9096,0.768,2318
40,33,1,3,4,34516,0,34516,0.927,1112
42,32,3,1,2,7169,902,6267,0.834,1438
54,36,5,3,4,5399,1723,3676,0.765,1292
52,47,6,3,2,2280,1170,1110,0.603,1924
31,21,4,1,4,6315,1305,5010,0.542,2205
43,33,6,1,2,4402,1640,2762,0.719,1774
49,34,5,4,2,27732,1623,26109,0.452,1413
45,36,4,3,4,4947,1053,3894,1.195,3479
38,28,3,2,3,3946,2375,1571,0.921,1646
57,52,5,3,4,12291,2289,10002,0.685,1683
63,53,4,2,4,3067,1874,1193,0.791,1420
42,36,6,2,3,1438.3,674,764.3,1.769,2451
61,47,4,2,4,8633,2517,6116,0.681,2066
37,28,4,4,3,2394,0,2394,1.059,2805
61,49,3,0,4,11374,2517,8857,1.015,1088
35,28,4,3,4,6921,2159,4762,0.895,1931
57,52,4,6,4,2564,2379,185,0.358,1343
64,55,4,3,4,2720,1904,816,0.634,1613
39,36,3,2,4,9843,2154,7689,0.733,1402
28,13,5,3,2,21691,661,21030,0.767,2534
53,45,6,3,2,1826,883,943,0.953,2199
39,24,6,3,0,5746,1829,3917,0.649,1562
35,27,6,2,4,2926,1346,1580,0.834,1851
47,36,5,3,2,7061,1813,5248,0.744,1831
47,35,3,3,4,5589,1430,4159,0.632,1570
38,33,5,3,3,9620,2033,7587,0.667,1735
26,15,5,3,3,2539,2162,377,0.635,2386
37,28,4,2,3,3642,610,3032,0.676,2790
57,39,3,4,3,3451,0,3451,0.744,3031
38,36,4,2,3,1841,1246,595,0.759,1819
39,25,6,3,2,5764,1529,4235,1.356,1972
35,16,6,3,2,18278,0,18278,0.798,2084
38,33,4,3,2,16059,618,15441,0.824,1357
56,41,3,2,2,5887,659,5228,0.65,1193
36,31,6,2,2,3152,1986,1166,1.328,2530
39,28,1,3,4,12464,0,12464,0.864,1195
58,36,5,2,3,4784,0,4784,0.905,2160
28,36,5,2,3,1950,0,1950,0.803,2074
65,56,6,3,2,7478,0,7478,0.847,2213
26,20,4,3,4,1438.3,0,1438.3,0.764,2731
28,36,4,2,4,1707,1191,516,0.669,2950
30,13,5,2,2,4016,917,3099,1.246,2572
31,19,5,3,2,2370,1699,671,0.889,2411
57,36,6,1,4,3478,2517,961,0.685,1409
43,32,6,2,2,1539,989,550,0.86,1987
26,20,3,2,4,1438.3,0,1438.3,0.506,947
39,26,6,3,2,3142,1639,1503,0.986,3046
35,36,3,1,2,17236,0,17236,0.958,3013
52,36,5,1,4,1438.3,0,1438.3,0.529,1679
33,20,5,3,2,13206,925,12281,0.766,2342
53,41,3,1,0,2480,1351,1129,0.522,1359
30,19,5,1,4,2898,0,2898,1.154,2632
59,51,5,3,4,1570,1028,542,0.742,1430
65,56,6,3,3,4460,1262,3198,0.898,1877
33,22,4,2,4,1544,0,1544,0.677,1731
52,44,6,3,2,3456,2219,1237,0.636,1332
26,16,4,3,3,2751,1599,1152,0.694,2270
52,44,6,3,4,4153,0,4153,0.434,1771
37,36,5,2,4,3685,1396,2289,0.974,3016
56,49,4,1,4,8902,1932,6970,0.781,969
35,26,3,3,4,2944,1596,1348,0.737,2070
58,47,5,3,2,2232,786,1446,0.435,1395
34,29,3,2,4,1569,909,660,1.288,2169
37,26,4,2,2,23622,1153,22469,0.666,2574
53,40,6,3,3,3326,1442,1884,0.711,1627
38,31,4,3,3,6116,1698,4418,0.937,1592
38,25,6,1,3,11352,0,11352,1.324,1601
28,36,4,3,4,14910,873,14037,0.737,2560
39,27,6,3,3,17531,0,17531,0.8,4563
43,29,3,2,3,4138,643,3495,0.681,1827
36,36,6,2,2,8374,2147,6227,1.113,2472
38,28,3,3,3,7049,0,7049,0.988,1475
37,27,5,3,4,3851,1695,2156,0.717,2349
37,30,5,1,4,15936,827,15109,1.085,2477
29,19,5,4,4,2926,0,2926,0.84,2775
51,36,3,2,4,10305,691,9614,0.485,1451
54,42,3,2,2,2987,2517,470,0.479,1617
35,29,6,2,3,34516,1965,32551,1.044,2949
38,28,3,3,4,6275,1579,4696,0.996,1585
33,27,3,2,3,7185,0,7185,1.504,2679
45,36,4,3,4,3281,1961,1320,0.744,1779
61,54,3,3,2,3077,1646,1431,0.456,1523
33,16,6,1,4,2042,1864,178,1.318,2758
55,51,4,1,4,2001,1553,448,0.482,1910
34,36,4,3,4,3625,2517,1108,1.158,2616
58,47,6,3,4,7803,1885,5918,0.531,1199
38,30,3,1,2,5951,1702,4249,1.264,2565
59,50,1,5,4,15796,812,14984,0.719,1339
57,36,5,3,4,7558,1364,6194,0.719,3676
55,46,6,1,3,5381,0,5381,0.746,1910
63,55,4,1,4,3556,2517,1039,0.983,2279
60,55,5,1,4,2661,1466,1195,0.631,1354
53,36,6,1,4,3506,1405,2101,0.766,1999
35,24,3,2,2,2066,1699,367,0.624,1895
53,42,4,1,4,8329,877,7452,0.432,1570
58,48,4,1,0,2774,0,2774,0.721,1258
33,36,5,3,3,4134,1130,3004,1.222,2475
53,36,5,2,2,11329,1180,10149,0.648,1213
59,53,3,2,2,9055,1560,7495,0.696,1755
37,32,6,2,2,17393,1409,15984,0.608,1692
50,43,6,3,4,5908,0,5908,0.822,3313
35,21,6,2,3,5825,1815,4010,1.132,2820
28,16,5,1,3,3665,0,3665,0.737,1813
37,31,4,2,2,3797,1425,2372,1.505,2555
39,28,4,3,4,3478,0,3478,0.65,2133
31,20,5,3,3,13734,0,13734,0.855,2566
37,23,4,3,2,3034,2167,867,0.711,2058
39,32,4,1,4,2973,2360,613,1.257,2593
38,31,4,1,2,24296,0,24296,0.781,1886
35,30,3,1,3,8969,1226,7743,0.84,2568
30,36,3,3,2,2550,1623,927,0.65,1870
48,35,5,1,3,10357,0,10357,0.506,911
33,21,5,1,4,1475,986,489,0.896,1896
47,36,3,6,2,5154,1407,3747,0.666,1694
37,36,6,2,4,3586,1414,2172,0.745,2780
38,28,3,1,2,4646,1680,2966,1.238,2234
39,28,6,2,2,1640,1177,463,0.695,3124
34,36,5,2,4,2379,1982,397,1.194,2966
65,56,3,3,2,3422,0,3422,0.929,1973
43,28,3,2,3,4365,0,4365,0.32,1720
38,33,1,4,4,32938,2089,30849,0.72,1137
48,44,6,2,4,6710,1942,4768,0.777,1727
38,36,6,3,4,2507,1544,963,0.906,1999
65,56,3,6,3,6184,0,6184,1.016,1712
36,29,6,3,4,2029,1190,839,0.628,1802
35,17,6,3,2,16659,0,16659,1.012,2551
58,46,4,2,2,2203,1394,809,0.57,1788
54,38,4,2,4,5122,1642,3480,0.935,1908
53,48,4,1,3,3074,2390,684,0.421,1377
38,36,4,3,2,2584,0,2584,0.593,1843
31,26,4,1,2,2037,0,2037,0.88,2563
34,29,4,3,2,14938,1412,13526,0.677,1930
38,31,6,1,2,2014,896,1118,1.055,2460
39,34,3,4,3,1818,0,1818,0.651,2054
37,36,4,1,4,14926,0,14926,0.635,2405
51,43,4,3,2,2827,1308,1519,0.79,3291
53,42,3,2,4,2773,1507,1266,1.06,1197
53,41,3,3,2,16033,560,15473,0.963,1158
65,54,5,3,4,3213,2517,696,0.507,1855
33,26,5,1,3,3616,0,3616,0.912,3133
37,30,6,1,3,5924,1023,4901,0.765,3305
47,41,5,3,4,14535,0,14535,0.711,2970
59,49,6,2,4,2833,1609,1224,0.78,1335
59,49,5,2,3,1479,601,878,0.607,1621
34,29,3,1,4,1617,1347,270,0.73,2546
26,13,4,4,4,2237,451,1786,0.837,2192
45,40,3,3,3,2900,1782,1118,1.351,4686
54,45,4,3,2,13126,2086,11040,0.659,1836
52,40,6,1,3,8695,1407,7288,0.634,2030
47,41,6,3,4,6692,1897,4795,1.035,3902
57,36,3,1,2,2159,1004,1155,0.603,1353
34,27,5,2,2,2501,1909,592,0.956,1850
36,27,3,3,2,6338,2379,3959,0.624,1715
36,30,1,3,4,2190,0,2190,0.908,1412
57,49,4,2,3,7578,1628,5950,0.721,1325
29,18,4,3,2,2963,1466,1497,1.378,2523
37,20,3,3,3,8260,2077,6183,1.167,2323
46,36,3,4,3,8309,858,7451,0.888,1165
55,35,5,1,4,3864,1901,1963,0.289,1018
56,47,6,3,3,10230,1082,9148,0.658,1484
32,27,3,3,4,22382,0,22382,0.418,695
39,36,6,3,2,25790,1798,23992,0.973,2443
63,53,6,1,3,2675,2517,158,0.957,1959
49,38,3,3,4,1652,812,840,0.548,1771
38,26,4,1,3,5815,1698,4117,0.896,1604
60,52,5,1,2,2595,2189,406,0.276,1562
38,36,5,2,3,3421,2308,1113,2.037,2269
63,51,4,2,3,6922,1704,5218,0.278,1449
43,36,6,2,4,6979,898,6081,0.565,1665
39,34,4,3,4,2594,0,2594,0.526,1457
35,24,5,2,4,16915,1679,15236,0.834,2795
45,39,3,4,4,34516,0,34516,1.014,1041
35,29,4,2,2,2523,1877,646,1.631,2005
48,39,2,4,3,6235,0,6235,0.848,1225
26,13,6,2,4,1473,0,1473,0.813,2099
36,26,3,2,3,17116,939,16177,1.575,2547
37,17,5,3,2,4631,1991,2640,1.669,2864
39,19,3,3,2,3047,2150,897,0.882,1602
49,37,5,2,2,32338,1664,30674,0.919,3013
56,36,5,3,3,2253,1375,878,0.388,1324
45,38,4,6,4,16611,0,16611,0.954,1960
34,36,3,4,2,22886,836,22050,0.889,2652
29,14,6,3,3,3544,0,3544,0.718,2435
28,19,3,3,4,3480,0,3480,0.731,2744
65,56,5,3,2,3549,1880,1669,0.624,1215
26,15,5,2,4,1438.3,737,701.3,0.806,2856
57,36,6,2,3,3136,1422,1714,0.591,1260
47,36,6,2,4,34516,933,33583,0.946,1804
54,48,4,3,2,6814,1570,5244,0.653,1339
48,32,3,2,4,34516,2098,32418,0.741,3093
36,36,6,3,4,8500,2517,5983,0.445,1618
43,33,3,3,2,28170,1859,26311,0.568,1013
54,48,6,1,4,6610,928,5682,0.894,3328
37,26,6,3,2,15755,1410,14345,0.839,2061
33,36,5,3,4,2711,2073,638,0.711,1567
38,25,4,1,4,3735,1199,2536,0.886,1573
36,36,5,3,2,10216,1822,8394,0.778,2568
40,28,6,1,2,20420,1657,18763,1.038,1804
37,30,2,4,4,13662,0,13662,0.153,725
26,13,4,3,3,3038,1460,1578,0.98,2243
45,35,5,3,3,7050,659,6391,0.52,1236
26,13,6,1,4,1775,1162,613,0.93,2169
42,30,6,2,2,8960,1054,7906,0.414,1488
33,36,3,1,2,2355,1773,582,0.774,1765
57,47,5,2,4,6803,1332,5471,0.809,1476
55,50,5,2,4,2145,1207,938,0.521,1275
40,36,5,2,3,3919,1640,2279,0.8,1872
32,23,3,2,3,4500,0,4500,0.626,2439
62,54,3,3,4,2941,1173,1768,0.436,1453
26,13,3,3,3,7102,0,7102,0.537,2411
37,26,3,3,4,6866,2389,4477,0.395,862
57,52,3,2,3,10378,1540,8838,0.547,1306
47,43,4,3,2,13473,1335,12138,0.814,1593
47,34,6,3,3,18178,0,18178,0.922,1837
48,43,5,3,4,8171,852,7319,0.639,1909
49,36,6,3,3,1438.3,0,1438.3,0.782,2170
35,20,5,3,4,8082,2307,5775,0.637,1725
57,48,5,2,3,24589,1640,22949,0.4,4291
62,49,5,1,2,30310,0,30310,0.777,3703
55,36,6,3,4,2967,2129,838,1.075,2177
36,17,5,2,3,3092,1825,1267,1.46,2883
54,42,5,3,2,1618,668,950,0.552,1515
30,23,5,2,3,2498,1632,866,0.712,2048
46,41,5,2,2,2564,0,2564,1.026,2038
43,34,3,4,4,10540,1489,9051,1.029,1980
34,28,4,3,3,13384,1853,11531,0.807,1899
55,48,5,2,4,16208,1278,14930,0.543,1842
36,27,3,3,4,3049,2198,851,1.546,2617
44,33,5,4,3,19214,0,19214,0.998,3407
39,25,5,2,3,3071,2517,554,0.583,1765
34,29,3,1,3,13395,1678,11717,1.006,2650
40,31,6,3,4,17126,1201,15925,0.802,3891
42,36,5,3,2,8083,0,8083,1.076,3942
36,28,4,2,3,8995,1547,7448,0.923,2398
26,13,3,2,3,2404,1198,1206,0.501,2692
42,32,4,2,2,2807,1845,962,1.027,1346
55,36,3,3,2,3097,827,2270,0.511,1390
45,37,6,2,2,10651,672,9979,0.767,2073
61,47,5,2,3,2175,1404,771,0.633,3994
41,28,5,3,0,28020,1470,26550,1.226,1723
35,23,4,3,3,2640,1051,1589,0.833,3116
34,27,3,1,4,31313,2152,29161,0.679,2555
37,31,3,2,4,7304,0,7304,1.144,2717
46,32,6,2,3,3254,0,3254,0.733,967
26,21,3,3,2,1438.3,0,1438.3,0.745,2660
54,41,5,4,4,3161,1220,1941,0.82,2412
47,36,5,3,4,7246,0,7246,0.612,777
56,36,5,4,4,3088,2517,571,0.848,2292
42,32,6,3,2,13719,1384,12335,1.201,3774
30,18,5,1,3,4726,1380,3346,0.622,1723
32,36,5,3,3,6100,1520,4580,0.853,1668
40,28,6,2,4,19279,1427,17852,0.892,1777
33,20,3,2,4,3792,1625,2167,0.618,1888
64,53,3,3,4,2084,1647,437,0.664,1597
33,28,4,3,3,34516,0,34516,0.636,2804
52,43,5,2,2,6849,2126,4723,0.611,1651
59,39,6,3,4,2417,1932,485,1.044,2367
41,33,6,4,3,5802,2490,3312,0.849,3386
38,31,3,2,2,2919,2192,727,1.073,2399
29,20,4,1,2,2462,2021,441,0.966,2320
43,38,3,4,2,1947,0,1947,0.838,2119
40,29,2,2,4,18563,0,18563,0.729,2395
37,36,3,3,3,3992,1289,2703,1.008,2181
32,14,4,2,2,3568,2175,1393,1.368,1913
36,27,3,3,2,7776,831,6945,1.007,3063
58,42,3,2,3,1438.3,0,1438.3,0.835,1088
53,36,3,3,3,9355,715,8640,0.422,1138
37,32,3,4,4,19636,1566,18070,0.649,2595
47,36,6,3,3,7327,0,7327,0.857,1788
36,25,6,3,2,7049,1932,5117,0.804,2602
26,18,4,3,2,2033,1471,562,0.672,2236
38,20,5,1,3,5153,2517,2636,1.488,3095
32,22,4,2,2,2062,1665,397,1.276,2397
37,31,3,3,4,2005,1517,488,0.729,2439
26,13,6,2,3,2479,828,1651,0.44,2225
55,46,5,4,4,4589,1622,2967,0.425,1569
35,36,6,2,2,2263,1188,1075,0.84,1927
58,46,5,3,2,8184,1205,6979,0.965,2140
32,27,6,3,3,9238,0,9238,0.809,2522
47,36,6,3,3,30210,1194,29016,0.948,3503
32,26,6,3,3,6942,0,6942,0.544,2657
56,37,3,3,3,14551,2517,12034,0.92,1373
34,13,5,1,2,1438.3,0,1438.3,0.946,2557
65,56,3,2,2,11332,633,10699,1.514,2758
55,48,5,2,3,30967,817,30150,0.378,1473
43,36,5,3,3,7866,0,7866,0.747,2843
31,21,6,2,4,2718,1920,798,1.604,2570
54,36,4,2,4,3084,2517,567,0.651,1446
52,42,5,2,4,17302,1339,15963,0.631,1181
48,36,3,3,3,12159,1665,10494,0.608,1426
54,47,6,4,3,2797,1627,1170,0.413,1566
33,28,6,3,4,2618,1812,806,0.706,3319
26,15,3,2,3,1442,1428,14,0.496,1134
30,24,4,2,1,2063,0,2063,0.553,1859
49,43,4,2,3,8154,0,8154,0.964,2223
36,20,4,3,2,9735,1245,8490,1.079,2967
56,49,3,4,2,4310,2229,2081,0.643,1645
53,36,3,3,1,11450,2129,9321,0.956,2197
39,26,2,3,4,8906,0,8906,0.315,809
34,23,5,3,2,4245,1815,2430,0.846,1534
53,45,4,4,4,21953,1311,20642,0.443,1413
32,21,6,1,3,1614,925,689,0.598,2659
39,22,5,4,2,5140,2517,2623,0.876,1842
57,46,3,3,4,31762,2517,29245,0.735,1515
48,40,4,4,4,11692,648,11044,1.265,2997
37,30,6,2,4,16043,0,16043,1.509,2599
36,32,4,4,3,15488,1463,14025,1.28,2916
39,34,3,3,2,2503,2185,318,0.5,4157
31,36,4,3,2,3312,2491,821,0.62,2670
31,36,3,2,4,6269,1169,5100,0.743,2221
36,36,3,2,1,20337,1605,18732,0.805,2460
47,42,4,2,4,2224,1106,1118,0.501,1698
37,19,2,3,4,3100,2517,583,0.35,694
38,26,4,2,0,26437,681,25756,1.021,2167
39,27,4,2,2,9959,1476,8483,0.952,2760
39,36,5,3,3,25008,876,24132,0.859,1753
37,36,3,3,3,2031,0,2031,0.752,1678
58,49,6,4,2,1654,1253,401,0.508,1887
58,39,3,4,3,4608,1077,3531,0.694,1535
37,36,6,4,1,3908,1629,2279,0.775,1903
54,46,4,3,2,2798,1256,1542,1.132,2631
45,39,5,4,1,2551,2253,298,0.688,3753
36,26,5,2,2,8621,1251,7370,0.696,1989
53,43,6,4,2,7451,683,6768,0.924,2165
34,30,3,3,3,2617,1010,1607,0.659,2003
35,24,6,3,4,12634,0,12634,0.323,717
32,18,5,3,3,6407,963,5444,1.052,1921
38,27,6,2,4,1438.3,0,1438.3,0.945,2412
37,28,6,2,2,2672,1259,1413,1.375,2487
37,36,6,3,4,11948,1281,10667,1.159,2792
47,36,3,3,3,2677,1390,1287,0.732,2170
52,36,3,2,1,24703,1085,23618,0.998,4776
54,43,6,3,4,2240,1580,660,0.745,1518
53,40,4,4,4,6052,1720,4332,0.683,1476
33,23,6,4,1,2562,1968,594,0.546,2256
49,43,4,4,4,15377,1516,13861,0.627,1848
37,22,3,3,4,8654,0,8654,0.446,850
31,24,5,2,3,1438.3,0,1438.3,0.665,2308
43,31,3,3,3,1438.3,0,1438.3,0.663,1867
39,26,6,2,3,16040,1220,14820,0.862,1923
38,36,3,3,1,2801,1980,821,0.882,1600
62,49,5,4,2,2658,1158,1500,0.476,1809
58,48,3,3,2,12423,1910,10513,0.405,1208
39,27,6,1,3,9347,1988,7359,1.173,2201
30,22,3,3,4,3143,1075,2068,0.643,2510
46,39,3,3,1,5106,1539,3567,0.907,3784
39,31,6,3,2,9871,1061,8810,0.545,1683
53,43,4,4,2,1525,1411,114,0.66,1911
34,36,6,2,1,19630,1251,18379,1.399,2286
54,36,4,3,1,12547,1378,11169,1.12,3360
54,36,4,1,3,17686,0,17686,0.733,2047
39,28,6,3,5,3257,2517,740,0.539,1534
36,28,4,3,2,4824,2517,2307,0.838,1516
38,32,6,6,2,8603,1046,7557,0.826,1758
45,36,6,1,1,11498,1577,9921,0.756,4014
28,23,5,1,3,3818,584,3234,0.7,2947
37,36,6,2,2,16594,1931,14663,0.702,2134
57,48,4,2,2,5387,2047,3340,0.579,1546
48,36,5,1,1,2930,773,2157,0.661,1545
33,36,6,1,1,10023,504,9519,0.942,2878
38,25,6,2,3,9303,1599,7704,1.408,2261
36,36,4,2,2,2956,2411,545,0.971,1896
37,30,4,1,2,2218,1266,952,0.709,1941
36,26,6,2,1,9959,0,9959,0.57,2021
54,49,5,3,2,5335,1373,3962,0.558,1435
52,43,3,3,2,7187,2014,5173,0.649,1159
53,39,5,2,4,2590,1564,1026,0.386,1188
27,19,4,1,3,4255,1748,2507,0.516,2236
32,26,6,2,3,2778,2312,466,0.727,1680
57,51,4,3,1,10711,1970,8741,0.71,1180
58,46,2,3,4,16163,0,16163,0.542,2171
54,45,6,1,1,2513,1126,1387,0.324,1454
45,37,4,1,1,3291,1607,1684,1.26,1984
36,25,5,2,4,8917,1091,7826,1.152,3327
39,29,3,5,2,4955,1157,3798,0.896,1824
39,30,6,1,2,2909,1274,1635,0.593,1532
34,21,6,4,3,34516,2517,31999,0.791,2901
54,43,5,1,1,1438.3,0,1438.3,0.531,1707
54,49,3,1,4,14015,2065,11950,0.704,1903
36,28,6,2,2,2540,1402,1138,1.127,2384
37,24,4,2,2,3497,1665,1832,0.627,2337
27,15,4,3,4,3682,0,3682,0.685,1826
55,41,6,2,1,4430,1543,2887,0.752,3395
26,16,5,3,2,3877,0,3877,0.773,2473
56,36,3,2,3,15124,1974,13150,0.826,1850
58,53,5,3,1,7712,962,6750,0.418,1574
42,34,5,2,2,19373,1142,18231,0.655,1792
30,13,3,3,3,21590,2517,19073,0.813,2567
38,32,4,2,1,3657,1687,1970,1.357,2758
47,35,3,1,4,32444,1843,30601,1.127,3725
33,24,5,1,2,5830,1665,4165,0.684,2263
54,47,3,4,3,1438.3,0,1438.3,1.053,1154
65,55,5,2,4,6463,1660,4803,0.995,2336
33,23,4,2,1,2400,0,2400,1.064,2677
44,39,5,2,4,2311,1830,481,1.289,1701
57,48,4,2,2,3585,1244,2341,0.507,1344
34,25,6,3,2,9131,916,8215,0.863,1893
63,56,3,6,4,1438.3,0,1438.3,0.864,3630
37,31,5,1,3,1438.3,0,1438.3,0.79,2075
39,36,6,3,2,5471,2056,3415,0.465,1992
39,34,6,3,3,8823,1541,7282,1.06,1961
55,44,6,2,4,2173,1520,653,0.652,1485
37,25,3,3,0,5616,0,5616,0.995,1564
57,51,5,2,2,8571,1616,6955,0.6,1397
45,36,6,6,3,2803,0,2803,0.565,3347
53,36,3,2,2,3924,2517,1407,0.511,1417
37,23,6,1,2,5663,1149,4514,0.767,2553
60,49,3,1,2,3955,2000,1955,0.425,1560
29,23,5,3,4,7997,0,7997,0.935,2208
56,36,4,1,5,3652,1351,2301,0.836,1561
37,27,4,2,1,12702,2008,10694,0.51,1992
43,23,4,3,2,7189,1550,5639,0.538,1935
58,42,4,3,1,12421,2517,9904,0.73,1913
29,17,3,2,4,2585,2008,577,1.266,3519
38,29,4,1,2,2818,1656,1162,1.404,2916
65,36,3,4,4,2351,0,2351,0.881,1593
62,49,4,2,2,3143,2517,626,0.625,1323
53,42,5,5,4,6514,978,5536,0.843,3084
26,17,5,3,3,3119,1328,1791,0.722,2740
46,39,1,0,4,13092,1962,11130,0.686,936
51,44,4,2,1,1438.3,0,1438.3,0.803,2207
39,34,4,2,4,3702,1118,2584,1.04,2585
51,36,3,2,3,9095,2517,6578,0.37,1347
59,50,6,3,2,2701,1572,1129,0.475,1469
56,45,6,2,4,1813,1387,426,0.406,1468
56,36,3,3,2,5335,996,4339,0.469,1454
31,20,6,2,5,2469,1695,774,0.842,1615
37,36,3,1,5,3091,0,3091,0.665,2572
36,32,3,5,2,2683,1533,1150,0.821,2373
26,15,3,4,3,5464,0,5464,0.7,2473
61,53,4,1,2,2942,2022,920,0.537,1479
26,36,6,3,3,2735,1348,1387,0.805,2441
35,36,5,2,4,15279,1496,13783,0.997,2079
53,43,4,2,5,14938,1155,13783,0.995,2248
59,42,3,3,5,4328,670,3658,0.396,1580
37,24,4,4,4,34516,934,33582,0.681,1768
38,26,5,4,2,5824,1542,4282,0.827,1801
56,48,4,2,2,11281,2118,9163,0.534,1255
37,36,5,3,5,7959,998,6961,0.773,1855
33,21,4,1,3,4459,1899,2560,1.349,2502
38,24,4,1,5,17162,773,16389,1.238,2457
56,50,4,3,5,16254,1518,14736,1.256,2502
59,47,5,1,2,3278,1306,1972,0.399,1374
30,17,5,1,2,7173,1227,5946,0.646,1793
56,36,5,2,3,3295,2002,1293,0.599,1191
33,15,4,2,2,25033,2300,22733,0.716,2529
31,24,6,2,2,4232,2092,2140,0.604,2565
26,36,3,4,3,2703,1256,1447,0.949,2111
29,18,4,1,4,2710,629,2081,0.771,1718
53,42,6,1,5,2322,1284,1038,0.673,1573
35,36,4,3,4,5931,0,5931,0.668,2730
35,29,5,1,2,3300,1731,1569,0.689,1745
56,51,4,2,3,1438.3,0,1438.3,0.472,1354
35,27,4,3,2,34516,0,34516,0.682,2562
35,36,6,2,5,8682,1647,7035,0.971,1792
32,13,3,3,3,12616,0,12616,1.054,1376
49,43,5,2,4,9652,2517,7135,0.889,3762
36,29,3,2,2,1651,770,881,0.736,2516
37,29,5,1,5,2576,1640,936,1.128,2568
58,47,3,1,4,2212,1392,820,0.573,1387
35,21,5,6,3,2157,1188,969,0.847,2111
39,26,5,1,2,2575,1424,1151,0.543,1487
65,56,6,1,2,8705,1453,7252,1.11,2688
65,56,3,3,5,3838,1736,2102,0.445,1467
51,42,4,1,4,10306,1427,8879,0.709,1456
56,40,4,2,5,5366,1271,4095,0.558,1748
58,36,6,3,2,2994,2351,643,0.469,1540
39,36,3,3,3,4247,0,4247,0.405,847
51,36,4,4,2,1737,1145,592,0.809,1954
58,50,5,2,3,18431,902,17529,1.296,2950
34,23,5,3,3,2263,1794,469,0.794,2154
39,23,6,1,4,2718,2156,562,0.668,1711
54,43,3,3,2,5839,2130,3709,0.687,1640
26,13,5,0,3,5137,0,5137,0.699,2496
53,43,4,2,3,11909,1018,10891,1.006,1938
32,21,4,3,5,21390,0,21390,0.946,2477
49,39,4,1,4,9264,629,8635,0.659,4107
39,26,4,2,5,5484,2517,2967,0.489,2025
32,22,3,3,5,4739,0,4739,0.363,886
30,19,4,3,3,7970,0,7970,0.776,1284
37,36,6,1,2,3127,2378,749,0.862,2292
38,36,5,1,2,7756,1670,6086,0.78,1858
46,33,6,2,3,34516,676,33840,0.814,3508
36,36,5,3,4,5605,1322,4283,1.204,2338
33,36,4,3,2,2946,1359,1587,0.746,2017
58,54,4,2,3,8886,0,8886,0.694,4148
46,36,3,2,5,3104,862,2242,1.057,2781
39,36,4,3,3,19435,2120,17315,0.625,2062
54,46,3,3,3,3312,1624,1688,0.573,1973
50,40,5,1,4,34516,0,34516,0.986,1930
41,33,6,1,4,5246,0,5246,0.969,3189
53,41,4,1,2,2432,1554,878,1.158,3670
36,30,3,3,3,3103,2399,704,0.581,1836
38,33,5,3,4,30746,1168,29578,0.653,1519
55,36,2,3,3,34516,0,34516,0.399,1353
45,40,3,2,2,11962,1025,10937,0.694,1907
36,27,5,3,3,14690,979,13711,0.811,2746
45,32,5,1,2,6629,1389,5240,0.828,3891
38,27,6,2,4,5535,1276,4259,0.636,1764
35,22,4,3,3,2544,1848,696,0.804,2289
48,37,4,3,3,3305,2517,788,0.766,2027
51,36,5,2,4,34516,888,33628,1.299,1959
37,20,3,2,5,9466,0,9466,0.818,2503
33,21,4,3,4,5297,0,5297,0.779,2655
31,36,4,3,3,4260,1775,2485,1.239,2109
40,26,6,1,2,7291,2517,4774,0.83,2198
43,37,4,2,3,13882,758,13124,0.5,1646
63,56,4,2,5,6500,1786,4714,0.524,1497
35,30,6,3,4,1626,979,647,1.467,2847
31,22,5,1,5,6662,0,6662,0.934,3264
36,25,4,3,3,5846,1732,4114,0.611,2056
34,27,3,1,2,8063,2149,5914,0.722,2042
29,23,3,3,2,6224,1092,5132,0.919,2222
55,49,6,2,4,4597,2442,2155,0.512,1504
46,31,3,3,5,7869,0,7869,0.692,998
45,35,6,3,2,17884,2096,15788,0.477,2031
52,36,2,2,3,1438.3,978,460.3,0.773,947
40,32,5,1,3,2046,1694,352,0.853,3432
46,36,4,2,2,6370,0,6370,0.855,1783
54,46,6,2,2,2737,2517,220,0.533,1619
36,25,6,1,2,2622,2489,133,0.84,2717
44,33,2,3,3,7266,906,6360,0.676,1741
37,30,6,3,3,2258,1338,920,0.86,2511
35,25,3,2,3,6510,2055,4455,1.042,2238
64,55,4,1,4,2508,1580,928,0.44,1607
52,36,5,1,2,4006,2517,1489,0.557,1157
37,19,4,1,2,3252,1987,1265,0.658,2953
45,26,4,3,1,16317,0,16317,0.742,2944
28,15,3,3,1,2109,1542,567,0.67,2261
65,56,4,2,0,7023,1726,5297,1.178,2535
55,42,3,2,1,8302,2517,5785,0.661,1576
55,47,3,3,3,9959,1209,8750,0.548,1584
41,36,4,3,4,3636,1884,1752,0.924,4254
57,46,5,1,1,5184,1856,3328,0.553,1834
37,29,6,1,4,14575,0,14575,1.251,3444
29,15,6,3,2,3107,1720,1387,0.661,2460
62,49,6,1,2,1438.3,0,1438.3,0.757,1281
42,25,4,3,3,3092,1115,1977,0.802,2133
47,36,4,2,1,8322,0,8322,0.86,3700
44,36,5,3,2,10110,1229,8881,0.65,4063
34,28,4,3,4,2707,2036,671,0.827,1926
37,32,4,1,3,4397,2007,2390,0.892,2473
33,21,3,3,2,5795,0,5795,0.746,2322
40,23,6,3,2,9760,1657,8103,1.134,4542
51,40,3,2,0,6103,0,6103,0.532,3203
65,56,6,2,2,2246,1326,920,0.543,1429
46,35,6,3,4,4930,0,4930,1.019,3343
27,16,4,1,2,3178,1118,2060,0.643,2010
37,30,3,5,0,3003,1810,1193,0.719,3148
34,25,4,3,3,2318,2069,249,1.399,2689
34,17,4,1,4,2638,2092,546,0.591,1868
35,36,3,2,4,2004,0,2004,0.681,1974
55,49,4,1,1,2414,2276,138,0.567,2000
60,45,5,2,4,1438.3,648,790.3,0.477,1267
56,44,3,1,2,2043,1928,115,0.791,2311
52,46,3,3,2,34516,2517,31999,0.685,3072
45,36,3,1,3,3111,2290,821,1.612,1998
56,48,6,3,4,2585,1207,1378,0.44,1590
26,13,5,2,4,2469,2410,59,0.544,1027
30,19,5,2,0,8744,1712,7032,0.895,2579
34,23,5,1,4,4185,2517,1668,0.861,2179
39,36,6,2,4,4759,1459,3300,1.24,2903
36,36,6,2,4,24457,1300,23157,0.914,2739
32,20,6,2,2,14244,1673,12571,0.699,2729
48,28,3,3,4,6572,417,6155,0.584,1766
50,34,5,3,2,23381,905,22476,0.645,4357
39,26,5,3,2,3471,2517,954,0.743,1771
61,51,4,2,1,2250,1041,1209,0.678,1339
65,53,5,3,2,15965,2312,13653,0.59,1619
45,36,6,2,2,9433,1578,7855,0.66,3910
34,28,4,3,3,9180,1814,7366,0.628,2646
37,36,4,2,4,8818,1437,7381,0.649,1865
44,36,5,1,3,4066,1028,3038,0.972,3888
56,36,6,1,1,9031,1535,7496,0.69,1602
36,36,6,1,2,9887,994,8893,0.488,2552
65,53,5,3,5,4161,2491,1670,0.41,1203
26,15,6,3,3,2740,2069,671,0.418,1997
26,13,1,2,4,6152,0,6152,0.391,968
34,24,3,1,4,8167,1740,6427,1.455,2141
51,41,6,2,4,23742,0,23742,0.769,3783
57,50,6,3,4,16791,1181,15610,0.55,2983
30,23,6,1,2,26783,1285,25498,0.59,2495
35,27,3,3,4,25516,1363,24153,1.172,2317
32,27,3,3,2,4815,1591,3224,1.409,2501
62,36,5,2,2,3198,2308,890,0.724,1402
32,23,1,3,3,2218,1696,522,0.367,730
53,44,4,2,3,23462,2202,21260,0.571,1387
55,36,5,4,4,2252,1737,515,0.685,1291
26,36,4,3,3,2557,1990,567,0.575,2266
35,25,5,3,4,2300,0,2300,0.877,1485
31,26,3,1,1,3540,1173,2367,1.106,1912
53,42,6,1,2,22938,1700,21238,0.636,3428
45,34,5,1,3,13129,901,12228,0.825,2564
39,36,5,3,2,34516,1900,32616,1.002,1668
61,53,5,2,0,3396,802,2594,0.548,1418
31,20,4,3,4,4712,955,3757,0.855,2568
37,36,4,2,2,7638,947,6691,0.682,2336
41,34,4,2,2,2624,1319,1305,0.768,4189
58,52,5,2,5,17934,1578,16356,0.593,2005
45,39,3,1,5,15198,2098,13100,0.8,3183
57,47,5,3,4,3191,2517,674,0.719,1501
35,25,6,3,2,6053,2001,4052,0.743,2208
39,26,6,1,2,5510,2027,3483,0.898,1980
55,40,4,3,1,12875,1119,11756,0.401,1624
41,36,5,2,4,2602,1490,1112,0.66,3151
55,51,4,3,1,2041,1885,156,0.587,2118
52,45,3,3,3,2548,1683,865,0.75,2055
57,49,6,3,1,4698,984,3714,0.373,1865
40,31,5,2,4,2222,1551,671,0.932,3302
47,36,3,3,4,8217,0,8217,0.678,1848
42,36,4,3,3,10091,0,10091,1.121,3347
39,34,4,3,5,19074,0,19074,0.804,3762
39,34,3,3,2,34516,542,33974,0.866,3899
36,29,5,2,4,12852,1945,10907,0.659,1606
36,21,4,1,5,12763,2517,10246,1.631,2599
29,19,6,2,4,2827,1430,1397,0.885,1608
56,36,3,3,5,8242,0,8242,0.434,1559
37,28,4,3,1,1825,1389,436,1.595,2878
61,56,6,3,4,1438.3,0,1438.3,0.589,1448
36,36,5,2,4,5497,1517,3980,0.624,1981
51,45,5,2,2,6778,865,5913,0.992,3158
46,36,2,3,4,4267,0,4267,0.862,1067
31,22,4,2,1,3273,2517,756,1.465,2726
33,25,5,2,2,9371,1541,7830,0.781,2518
50,38,3,3,1,1438.3,663,775.3,0.384,2987
57,36,1,4,2,8389,1960,6429,0.384,1334
65,56,3,2,2,28410,1608,26802,0.913,2278
48,29,3,2,1,6168,2371,3797,0.668,4303
57,40,3,3,1,2111,966,1145,0.923,3871
63,49,3,1,3,3141,1819,1322,0.497,1539
50,40,6,2,5,8307,2517,5790,1.743,2293
39,31,4,2,3,30753,1661,29092,0.681,1780
39,26,3,1,4,2731,1573,1158,0.943,1813
39,31,6,1,4,2890,0,2890,0.545,2040
52,44,6,1,2,34516,0,34516,1.03,2848
37,26,6,3,1,8058,1176,6882,1.164,2774
50,45,6,1,4,5660,2401,3259,0.779,1932
59,36,6,4,5,4230,1366,2864,0.63,1480
38,36,4,3,4,9515,0,9515,0.79,4642
65,36,3,3,3,10962,1559,9403,0.708,2724
57,36,6,2,4,23848,1967,21881,0.462,1591
65,56,3,3,2,10144,1295,8849,0.758,1234
38,22,4,3,4,2997,1969,1028,1.235,2807
41,35,6,3,3,2647,620,2027,0.664,2262
55,47,3,1,2,4580,1300,3280,0.519,1694
28,13,4,1,2,2608,1630,978,0.521,1822
31,24,6,3,3,34516,1180,33336,0.801,2329
39,19,5,3,1,3156,2095,1061,1.281,2739
44,31,5,2,0,24936,2053,22883,0.716,1810
55,42,3,2,1,26101,614,25487,0.397,1472
57,45,6,3,4,14270,0,14270,0.398,1222
28,21,5,3,5,25618,1209,24409,1.228,2157
35,21,5,1,2,3230,2517,713,0.677,1914
46,38,3,3,3,8881,1865,7016,1.279,2632
65,51,3,3,5,11037,1491,9546,0.651,2429
50,44,6,2,5,16763,0,16763,0.88,3626
31,21,6,2,2,2621,1461,1160,0.775,2718
49,43,3,3,5,4939,1190,3749,0.557,3764
50,32,5,3,4,4419,1218,3201,0.879,4535
44,39,5,1,4,9235,1796,7439,0.958,1739
63,56,6,1,3,3055,1685,1370,0.541,1405
41,35,6,2,3,19412,770,18642,0.755,1576
56,36,6,1,3,12786,1880,10906,0.702,1205
55,36,4,2,3,4666,1275,3391,0.397,1281
48,38,4,3,3,4894,1505,3389,0.78,3277
35,36,4,2,3,27389,1250,26139,0.641,2754
30,18,6,3,2,2132,797,1335,0.779,3265
37,24,5,3,2,6590,0,6590,0.714,2449
53,36,6,1,3,3176,1470,1706,0.388,1634
37,27,4,1,3,4288,2349,1939,0.718,2591
65,56,5,3,5,20130,2355,17775,0.716,2444
48,43,3,3,2,5945,1685,4260,0.9,3598
37,17,3,1,4,3350,0,3350,1.316,2849
35,26,4,3,2,4008,1841,2167,1.504,2794
35,27,3,3,2,5780,938,4842,0.988,2960
49,38,4,1,2,2497,1674,823,0.701,2922
26,13,3,3,4,10286,2286,8000,0.671,2564
58,36,3,1,3,2347,2163,184,0.615,1631
29,18,4,1,2,23125,1236,21889,0.995,2536
58,43,6,2,2,3034,2517,517,0.63,1617
33,23,3,4,3,7081,1874,5207,0.699,2249
36,28,5,1,3,6824,1873,4951,0.563,1933
47,36,4,3,4,1438.3,772,666.3,1.451,2250
41,29,3,2,2,2683,1738,945,0.745,2274
46,40,5,2,1,12280,985,11295,0.841,4263
58,36,3,2,2,14607,1480,13127,0.346,1393
53,48,4,3,3,2267,1469,798,0.716,3709
54,36,6,2,4,2556,2260,296,0.487,1401
39,34,4,1,2,12512,666,11846,0.914,2995
49,39,3,2,2,11332,946,10386,0.857,3806
35,23,3,3,4,3073,526,2547,0.702,1944
47,27,6,3,3,34516,2315,32201,0.599,1805
38,34,6,3,3,5323,2301,3022,0.68,1783
56,44,3,1,0,9078,1501,7577,0.51,1543
56,46,4,1,3,27029,1347,25682,0.381,1302
38,25,5,1,4,9859,1305,8554,0.722,4345
46,39,1,4,3,4026,243,3783,0.738,1102
37,25,3,2,3,2608,1799,809,0.732,2565
63,36,4,1,4,3552,2517,1035,0.465,1342
65,56,6,2,2,4613,1619,2994,0.697,2328
38,27,5,2,4,10386,1909,8477,1.43,2119
45,39,4,1,2,34516,1298,33218,0.757,1906
26,36,5,2,3,2657,1611,1046,0.599,2349
58,44,4,2,3,5031,1327,3704,0.553,1433
48,36,5,2,4,34516,787,33729,0.763,1312
26,16,6,2,4,1612,835,777,0.588,2148
48,43,6,2,2,2423,1773,650,0.574,2038
33,36,6,3,5,7140,0,7140,0.401,916
62,51,3,3,2,3377,948,2429,0.461,1407
55,41,1,3,4,34516,2408,32108,0.796,1187
40,29,4,3,2,2295,0,2295,0.699,3292
46,41,3,3,2,3150,1543,1607,0.998,3432
58,36,3,2,5,2165,1135,1030,0.707,1541
47,34,3,2,4,4249,1562,2687,0.773,1881
50,41,6,1,3,2966,1433,1533,0.49,1986
53,41,6,3,2,1612,744,868,0.636,1564
45,36,3,1,3,14593,1504,13089,0.668,3447
48,38,6,3,2,8327,1551,6776,0.463,4428
43,37,6,1,2,34516,1580,32936,0.707,4149
60,55,6,1,2,6479,1393,5086,0.468,1618
56,41,4,1,3,18442,1470,16972,0.491,1281
43,31,5,3,2,2800,2517,283,0.816,1994
57,36,6,2,3,3032,2215,817,0.408,1387
52,47,6,3,3,2151,1338,813,0.926,3446
56,36,6,3,2,24073,1084,22989,0.847,1341
43,37,4,2,3,25517,321,25196,0.769,2508
38,32,3,1,2,7709,2227,5482,1.295,2520
53,33,3,3,1,4065,2180,1885,0.321,1271
52,35,3,2,4,13169,1499,11670,0.603,4370
58,44,3,2,2,11811,2508,9303,0.476,1469
34,36,3,6,1,7440,704,6736,0.551,2251
36,20,5,1,2,12714,976,11738,0.649,2240
55,35,5,1,3,3735,1978,1757,0.675,1749
54,43,3,1,4,25882,1699,24183,0.428,1736
36,36,4,3,1,3877,1495,2382,0.783,1942
35,27,4,3,0,3280,1806,1474,0.963,2534
53,36,5,1,3,11023,0,11023,0.539,1656
48,36,4,2,2,6182,1131,5051,0.566,3546
37,19,3,3,4,2186,1185,1001,0.998,2614
45,39,3,1,0,17996,864,17132,0.597,1589
54,43,6,2,3,2306,2200,106,0.697,2097
38,30,4,3,4,26556,1583,24973,0.694,3168
35,18,3,3,2,5779,2517,3262,1.201,2102
36,30,6,1,2,5494,2078,3416,0.79,2661
33,14,6,1,0,7571,2264,5307,0.696,2273
28,14,4,3,1,2897,1398,1499,0.907,2698
36,26,3,2,4,3131,2379,752,0.748,2315
34,27,3,3,2,4274,2517,1757,0.666,2257
55,36,4,6,4,4980,906,4074,0.721,2273
61,48,3,3,3,3156,2155,1001,0.438,1376
44,39,5,1,0,6861,2101,4760,0.464,3974
54,46,3,3,2,15554,2497,13057,1.027,2836
39,28,3,2,4,26570,1915,24655,1.454,2118
51,36,3,2,4,22224,979,21245,1.255,3346
47,41,6,2,4,10606,1713,8893,0.899,2694
37,25,4,3,4,5865,2517,3348,1.348,2623
47,36,5,2,3,5369,1854,3515,0.959,1898
56,43,5,1,5,5188,753,4435,0.591,1540
53,36,4,2,4,17742,1463,16279,0.803,3369
62,48,5,1,5,2591,0,2591,0.601,2123
58,48,6,2,3,2800,1834,966,0.615,1571
57,36,3,2,2,6543,2260,4283,0.448,1519
54,36,6,3,4,26053,829,25224,0.669,2768
33,26,6,3,5,6316,1344,4972,0.823,2401
54,41,3,2,4,4658,588,4070,0.856,1351
30,22,3,3,3,6476,0,6476,0.551,2723
36,36,6,2,5,8087,1263,6824,0.615,2429
60,50,3,1,2,9033,845,8188,0.663,1661
46,28,6,3,4,3206,0,3206,1.065,3253
55,49,4,3,3,28751,2158,26593,0.536,1502
55,47,3,3,3,2938,1995,943,0.514,1352
31,25,5,2,2,5715,1741,3974,0.816,2324
55,36,3,2,1,2111,1209,902,0.594,2803
36,31,3,2,5,11862,2282,9580,0.837,2576
34,36,3,3,2,2791,2160,631,0.825,2214
33,36,3,2,4,6551,1440,5111,0.629,2429
30,16,5,3,5,4533,1977,2556,0.664,2679
54,36,5,3,0,1854,1528,326,0.444,1307
53,43,6,1,3,6704,1354,5350,0.411,1331
59,36,5,3,3,34516,1494,33022,1.229,3259
41,32,6,3,2,5489,1513,3976,0.87,4085
45,36,3,1,1,10619,607,10012,0.883,4074
50,40,5,3,3,2481,1287,1194,0.465,1825
57,47,4,4,1,5100,1970,3130,0.371,1032
63,49,5,4,3,5905,726,5179,0.85,3982
35,30,3,3,2,9293,0,9293,0.897,2314
35,25,5,3,3,5240,1451,3789,1.198,2172
53,40,6,2,5,4182,741,3441,0.885,1297
33,24,6,2,2,9857,0,9857,0.699,3448
38,33,3,1,4,20117,1226,18891,1.4,2906
31,22,3,2,3,6012,0,6012,0.968,2801
37,27,4,2,4,6369,0,6369,1.454,2675
36,30,4,2,5,13005,2152,10853,1.424,3023
39,36,3,2,3,1575,592,983,0.236,644
58,39,5,3,3,6679,1207,5472,0.538,1649
39,34,6,3,5,6458,1802,4656,0.923,2315
61,48,3,2,4,20803,1446,19357,0.736,2073
34,26,3,2,4,5540,1240,4300,0.843,1524
55,36,4,3,4,2801,2403,398,0.884,1526
50,40,4,3,5,2419,2380,39,0.695,4099
33,24,6,3,3,5156,1427,3729,0.48,2057
48,36,6,4,4,14228,1953,12275,0.651,1970
63,51,3,3,4,10257,1021,9236,0.467,1508
54,44,2,1,5,3032,0,3032,0.949,1037
41,36,2,3,5,1438.3,312,1126.3,0.657,1786
51,45,5,2,4,32096,0,32096,0.766,2619
54,46,5,3,2,3014,794,2220,0.5,1488
47,36,3,3,3,5762,1890,3872,0.938,3814
52,45,5,1,3,2555,1701,854,1.492,3127
34,28,3,3,2,34516,1731,32785,0.605,2421
64,54,4,3,2,2140,1361,779,0.46,1280
62,43,3,1,1,4760,0,4760,0.564,1459
38,27,6,2,5,26372,1365,25007,1.394,2291
